datetime_beginning_utc,datetime_beginning_ept,pnode_id,pnode_name,voltage,equipment,type,zone,system_energy_price_da,total_lmp_da,congestion_price_da,marginal_loss_price_da,row_is_current,version_nbr,total_lmp_rt,hour,day_of_week,month,day_of_year,hour_0,hour_1,hour_2,hour_3,hour_4,hour_5,hour_6,hour_7,hour_8,hour_9,hour_10,hour_11,hour_12,hour_13,hour_14,hour_15,hour_16,hour_17,hour_18,hour_19,hour_20,hour_21,hour_22,hour_23,dow_0,dow_1,dow_2,dow_3,dow_4,dow_5,dow_6,lmp_diff,abs_da,relative_diff,total_lmp_da_lag_1,total_lmp_da_lag_2,total_lmp_da_lag_3,total_lmp_da_lag_4,total_lmp_da_lag_5,total_lmp_da_lag_6,total_lmp_da_lag_7,da_roll_mean_3h,da_roll_std_3h,da_roll_mean_6h,da_roll_std_6h,da_roll_mean_12h,da_roll_std_12h,da_roll_mean_24h,da_roll_std_24h,__row_idx__,warmup_lag_1,missing_source_lag_1,warmup_lag_2,missing_source_lag_2,warmup_lag_3,missing_source_lag_3,warmup_lag_4,missing_source_lag_4,warmup_lag_5,missing_source_lag_5,warmup_lag_6,missing_source_lag_6,warmup_lag_7,missing_source_lag_7,any_warmup,any_missing_source
2025-01-01 05:00:00,1/1/2025 12:00:00 AM,51288,WESTERN HUB,,,HUB,,21.26,21.768124,0.15,0.358124,True,1,19.929348,5,2,1,1,0,0,0,0,0,1,0,0,0,0,0,0,0,0,0,0,0,0,0,0,0,0,0,0,0,0,1,0,0,0,0,-1.8387759999999993,21.768124,-0.08447103664054832,,,,,,,,,,,,,,,,0,True,False,True,False,True,False,True,False,True,False,True,False,True,False,True,False
2025-01-01 06:00:00,1/1/2025 1:00:00 AM,51288,WESTERN HUB,,,HUB,,20.96,21.464478,0.154583,0.349895,True,1,20.164973,6,2,1,1,0,0,0,0,0,0,1,0,0,0,0,0,0,0,0,0,0,0,0,0,0,0,0,0,0,0,1,0,0,0,0,-1.299505,21.464478,-0.06054211986892949,,,,,,,,,,,,,,,,1,True,False,True,False,True,False,True,False,True,False,True,False,True,False,True,False
2025-01-01 07:00:00,1/1/2025 2:00:00 AM,51288,WESTERN HUB,,,HUB,,20.42,21.044166,0.236771,0.387395,True,1,19.278767,7,2,1,1,0,0,0,0,0,0,0,1,0,0,0,0,0,0,0,0,0,0,0,0,0,0,0,0,0,0,1,0,0,0,0,-1.7653990000000022,21.044166,-0.08389018600214435,,,,,,,,,,,,,,,,2,True,False,True,False,True,False,True,False,True,False,True,False,True,False,True,False
2025-01-01 08:00:00,1/1/2025 3:00:00 AM,51288,WESTERN HUB,,,HUB,,20.45,21.104062,0.227917,0.426145,True,1,19.420208,8,2,1,1,0,0,0,0,0,0,0,0,1,0,0,0,0,0,0,0,0,0,0,0,0,0,0,0,0,0,1,0,0,0,0,-1.6838540000000002,21.104062,-0.07978814694536057,,,,,,,,21.425589333333335,0.3635423534298769,,,,,,,3,True,False,True,False,True,False,True,False,True,False,True,False,True,False,True,False
2025-01-01 09:00:00,1/1/2025 4:00:00 AM,51288,WESTERN HUB,,,HUB,,20.46,21.111353,0.235312,0.416041,True,1,19.565295,9,2,1,1,0,0,0,0,0,0,0,0,0,1,0,0,0,0,0,0,0,0,0,0,0,0,0,0,0,0,1,0,0,0,0,-1.5460580000000022,21.111353,-0.07323348721420186,,,,,,,,21.204235333333333,0.22735779482862312,,,,,,,4,True,False,True,False,True,False,True,False,True,False,True,False,True,False,True,False
2025-01-01 10:00:00,1/1/2025 5:00:00 AM,51288,WESTERN HUB,,,HUB,,20.78,21.640936,0.2325,0.628436,True,1,19.583984,10,2,1,1,0,0,0,0,0,0,0,0,0,0,1,0,0,0,0,0,0,0,0,0,0,0,0,0,0,0,1,0,0,0,0,-2.056951999999999,21.640936,-0.09504912356840753,,,,,,,,21.086527,0.036866385922696754,,,,,,,5,True,False,True,False,True,False,True,False,True,False,True,False,True,False,True,False
2025-01-01 11:00:00,1/1/2025 6:00:00 AM,51288,WESTERN HUB,,,HUB,,21.64,22.587603,0.343646,0.603957,True,1,19.262664,11,2,1,1,0,0,0,0,0,0,0,0,0,0,0,1,0,0,0,0,0,0,0,0,0,0,0,0,0,0,1,0,0,0,0,-3.3249390000000005,22.587603,-0.14720194081682772,,,,,,,,21.285450333333333,0.307881201235695,21.355519833333332,0.31092319392571327,,,,,6,True,False,True,False,True,False,True,False,True,False,True,False,True,False,True,False
2025-01-01 12:00:00,1/1/2025 7:00:00 AM,51288,WESTERN HUB,,,HUB,,25.66,27.183644,0.619895,0.903749,True,1,19.809183,12,2,1,1,0,0,0,0,0,0,0,0,0,0,0,0,1,0,0,0,0,0,0,0,0,0,0,0,0,0,1,0,0,0,0,-7.374461,27.183644,-0.2712830185680772,,,,,,,,21.779964000000003,0.7478804076943046,21.492099666666665,0.586383592641768,,,,,7,True,False,True,False,True,False,True,False,True,False,True,False,True,False,True,False
2025-01-01 13:00:00,1/1/2025 8:00:00 AM,51288,WESTERN HUB,,,HUB,,24.54,25.718436,0.290208,0.888228,True,1,19.261241,13,2,1,1,0,0,0,0,0,0,0,0,0,0,0,0,0,1,0,0,0,0,0,0,0,0,0,0,0,0,1,0,0,0,0,-6.457195000000002,25.718436,-0.2510726157687039,,,,,,,,23.804061,2.964832295870878,22.445294,2.39418737394691,,,,,8,True,False,True,False,True,False,True,False,True,False,True,False,True,False,True,False
2025-01-01 14:00:00,1/1/2025 9:00:00 AM,51288,WESTERN HUB,,,HUB,,23.17,23.946457,0.071146,0.705311,True,1,18.449921,14,2,1,1,0,0,0,0,0,0,0,0,0,0,0,0,0,0,1,0,0,0,0,0,0,0,0,0,0,0,1,0,0,0,0,-5.496535999999999,23.946457,-0.2295344150493745,,,,,,,,25.163227666666668,2.3477841550006877,23.224339,2.5988265858061403,,,,,9,True,False,True,False,True,False,True,False,True,False,True,False,True,False,True,False
2025-01-01 15:00:00,1/1/2025 10:00:00 AM,51288,WESTERN HUB,,,HUB,,23.21,24.056353,0.133333,0.71302,True,1,20.929288,15,2,1,1,0,0,0,0,0,0,0,0,0,0,0,0,0,0,0,1,0,0,0,0,0,0,0,0,0,0,1,0,0,0,0,-3.1270650000000018,24.056353,-0.1299891550477332,,,,,,,,25.616179,1.6210142777838077,23.698071499999998,2.385323587076667,,,,,10,True,False,True,False,True,False,True,False,True,False,True,False,True,False,True,False
2025-01-01 16:00:00,1/1/2025 11:00:00 AM,51288,WESTERN HUB,,,HUB,,23.26,24.181666,0.18625,0.735416,True,1,22.696093,16,2,1,1,0,0,0,0,0,0,0,0,0,0,0,0,0,0,0,0,1,0,0,0,0,0,0,0,0,0,1,0,0,0,0,-1.4855729999999987,24.181666,-0.06143385654239037,,,,,,,,24.57374866666667,0.9928499891848201,24.188904833333336,2.0219095896530495,,,,,11,True,False,True,False,True,False,True,False,True,False,True,False,True,False,True,False
2025-01-01 17:00:00,1/1/2025 12:00:00 PM,51288,WESTERN HUB,,,HUB,,22.88,23.683436,0.224062,0.579374,True,1,22.768046,17,2,1,1,0,0,0,0,0,0,0,0,0,0,0,0,0,0,0,0,0,1,0,0,0,0,0,0,0,0,1,0,0,0,0,-0.9153900000000021,23.683436,-0.038651063975683346,,,,,,,,24.061492,0.11768868004599649,24.612359833333333,1.6045319782774543,22.983939833333334,2.0265734821923984,,,12,True,False,True,False,True,False,True,False,True,False,True,False,True,False,True,False
2025-01-01 18:00:00,1/1/2025 1:00:00 PM,51288,WESTERN HUB,,,HUB,,22.61,23.359374,0.213333,0.536041,True,1,21.585234,18,2,1,1,0,0,0,0,0,0,0,0,0,0,0,0,0,0,0,0,0,0,1,0,0,0,0,0,0,0,1,0,0,0,0,-1.7741399999999992,23.359374,-0.07594980927142993,,,,,,,,23.973818333333337,0.2591664747344901,24.794998666666668,1.373734467787083,23.14354916666667,1.9973251645213281,,,13,True,False,True,False,True,False,True,False,True,False,True,False,True,False,True,False
2025-01-01 19:00:00,1/1/2025 2:00:00 PM,51288,WESTERN HUB,,,HUB,,22.75,23.484895,0.192187,0.542708,True,1,20.993541,19,2,1,1,0,0,0,0,0,0,0,0,0,0,0,0,0,0,0,0,0,0,0,1,0,0,0,0,0,0,1,0,0,0,0,-2.491354000000001,23.484895,-0.10608325053188447,,,,,,,,23.741491999999997,0.41420877304563636,24.157620333333337,0.8189770150866645,23.30145716666667,1.9261470509216452,,,14,True,False,True,False,True,False,True,False,True,False,True,False,True,False,True,False
2025-01-01 20:00:00,1/1/2025 3:00:00 PM,51288,WESTERN HUB,,,HUB,,23.47,24.287082,0.175,0.642082,True,1,21.446753,20,2,1,1,0,0,0,0,0,0,0,0,0,0,0,0,0,0,0,0,0,0,0,0,1,0,0,0,0,0,1,0,0,0,0,-2.8403290000000005,24.287082,-0.11694813728549194,,,,,,,,23.509235,0.16339636367120344,23.7853635,0.3282010619170766,23.50485125,1.7901834154248055,,,15,True,False,True,False,True,False,True,False,True,False,True,False,True,False,True,False
2025-01-01 21:00:00,1/1/2025 4:00:00 PM,51288,WESTERN HUB,,,HUB,,26.56,27.556457,0.170521,0.825936,True,1,25.915572,21,2,1,1,0,0,0,0,0,0,0,0,0,0,0,0,0,0,0,0,0,0,0,0,0,1,0,0,0,0,1,0,0,0,0,-1.6408850000000008,27.556457,-0.059546297987437234,,,,,,,,23.71045033333333,0.5033060099107765,23.842134333333334,0.3860084086165264,23.77010291666667,1.6308424435570628,,,16,True,False,True,False,True,False,True,False,True,False,True,False,True,False,True,False
2025-01-01 22:00:00,1/1/2025 5:00:00 PM,51288,WESTERN HUB,,,HUB,,32.58,33.845207,0.055417,1.20979,True,1,32.451882,22,2,1,1,0,0,0,0,0,0,0,0,0,0,0,0,0,0,0,0,0,0,0,0,0,0,1,0,0,0,1,0,0,0,0,-1.3933250000000044,33.845207,-0.04116757211737557,,,,,,,,25.109478,2.1567697293807164,24.425485,1.5781969262912634,24.307194916666663,1.7336779128412851,,,17,True,False,True,False,True,False,True,False,True,False,True,False,True,False,True,False
2025-01-01 23:00:00,1/1/2025 6:00:00 PM,51288,WESTERN HUB,,,HUB,,32.48,33.623957,-0.016458,1.160415,True,1,31.793306,23,2,1,1,0,0,0,0,0,0,0,0,0,0,0,0,0,0,0,0,0,0,0,0,0,0,0,1,0,0,1,0,0,0,0,-1.830650999999996,33.623957,-0.05444484121842043,,,,,,,,28.562915333333336,4.857896372037828,26.036075166666667,4.136695261522626,25.3242175,3.082424500752008,,,18,True,False,True,False,True,False,True,False,True,False,True,False,True,False,True,False
2025-01-02 00:00:00,1/1/2025 7:00:00 PM,51288,WESTERN HUB,,,HUB,,32.22,33.296561,-0.007708,1.084269,True,1,32.25828,0,3,1,2,1,0,0,0,0,0,0,0,0,0,0,0,0,0,0,0,0,0,0,0,0,0,0,0,0,0,0,1,0,0,0,-1.0382809999999978,33.296561,-0.0311828299625297,,,,,,,,31.675207,3.5686571791781745,27.692828666666667,4.922058210607451,26.243913666666668,3.7629929240345192,,,19,True,False,True,False,True,False,True,False,True,False,True,False,True,False,True,False
2025-01-02 01:00:00,1/1/2025 8:00:00 PM,51288,WESTERN HUB,,,HUB,,32.08,32.875519,-0.009688,0.805207,True,1,34.08098,1,3,1,2,0,1,0,0,0,0,0,0,0,0,0,0,0,0,0,0,0,0,0,0,0,0,0,0,0,0,0,1,0,0,0,1.2054609999999997,32.875519,0.03666743633765903,,,,,,,,33.588575,0.27602902523451717,29.349026499999997,4.843517818276364,26.75332341666667,4.280017364003845,,,20,True,False,True,False,True,False,True,False,True,False,True,False,True,False,True,False
2025-01-02 02:00:00,1/1/2025 9:00:00 PM,51288,WESTERN HUB,,,HUB,,30.04,30.531561,-0.012917,0.504478,True,1,29.280129,2,3,1,2,0,0,1,0,0,0,0,0,0,0,0,0,0,0,0,0,0,0,0,0,0,0,0,0,0,0,0,1,0,0,0,-1.2514320000000012,30.531561,-0.04098814338382506,,,,,,,,33.26534566666666,0.3751941600521628,30.9141305,4.016195518103448,27.349747000000004,4.608743357657325,,,21,True,False,True,False,True,False,True,False,True,False,True,False,True,False,True,False
2025-01-02 03:00:00,1/1/2025 10:00:00 PM,51288,WESTERN HUB,,,HUB,,29.6,29.859999,-0.019792,0.279791,True,1,26.475225,3,3,1,2,0,0,0,1,0,0,0,0,0,0,0,0,0,0,0,0,0,0,0,0,0,0,0,0,0,0,0,1,0,0,0,-3.384774,29.859999,-0.11335479281161397,,,,,,,,32.234547,1.489778533402838,31.954877,2.464905683208817,27.89850566666667,4.558444644232487,,,22,True,False,True,False,True,False,True,False,True,False,True,False,True,False,True,False
2025-01-02 04:00:00,1/1/2025 11:00:00 PM,51288,WESTERN HUB,,,HUB,,27.7,27.786353,-0.010208,0.096561,True,1,23.776119,4,3,1,2,0,0,0,0,1,0,0,0,0,0,0,0,0,0,0,0,0,0,0,0,0,0,0,0,0,0,0,1,0,0,0,-4.010233999999997,27.786353,-0.14432387006671935,,,,,,,,31.089026333333333,1.5831664208166019,32.338800666666664,1.705100066453519,28.382142833333333,4.419502783580269,,,23,True,False,True,False,True,False,True,False,True,False,True,False,True,False,True,False
2025-01-02 05:00:00,1/2/2025 12:00:00 AM,51288,WESTERN HUB,,,HUB,,25.11,25.748331,0.243645,0.394686,True,1,28.087716,5,3,1,2,0,0,0,0,0,1,0,0,0,0,0,0,0,0,0,0,0,0,0,0,0,0,0,0,0,0,0,1,0,0,0,2.339385,25.748331,0.09085579177928076,21.768124,,,,,,,29.392637666666662,1.4310351857090224,31.328991666666663,2.318364319982729,28.68253341666667,4.226326572399599,25.833236624999998,4.356409636068533,24,False,False,True,False,True,False,True,False,True,False,True,False,True,False,True,False
2025-01-02 06:00:00,1/2/2025 1:00:00 AM,51288,WESTERN HUB,,,HUB,,23.79,24.316457,0.224478,0.301979,True,1,25.546258,6,3,1,2,0,0,0,0,0,0,1,0,0,0,0,0,0,0,0,0,0,0,0,0,0,0,0,0,0,0,0,1,0,0,0,1.229801000000002,24.316457,0.050574843201869495,21.464478,,,,,,,27.798227666666666,2.055859720734187,30.01638733333333,2.9125038156476575,28.854608,4.042315404861398,25.99907858333333,4.269828405492569,25,False,False,True,False,True,False,True,False,True,False,True,False,True,False,True,False
2025-01-02 07:00:00,1/2/2025 2:00:00 AM,51288,WESTERN HUB,,,HUB,,23.58,24.023748,0.211041,0.232707,True,1,26.041154,7,3,1,2,0,0,0,0,0,0,0,1,0,0,0,0,0,0,0,0,0,0,0,0,0,0,0,0,0,0,0,1,0,0,0,2.0174059999999976,24.023748,0.0839754895863875,21.044166,,,,,,,25.95038033333333,1.7437495555638856,28.519703333333336,3.18442085557279,28.934364916666663,3.931970775244537,26.117911041666662,4.176813333624639,26,False,False,True,False,True,False,True,False,True,False,True,False,True,False,True,False
2025-01-02 08:00:00,1/2/2025 3:00:00 AM,51288,WESTERN HUB,,,HUB,,23.67,23.941353,0.198437,0.072916,True,1,26.590424,8,3,1,2,0,0,0,0,0,0,0,0,1,0,0,0,0,0,0,0,0,0,0,0,0,0,0,0,0,0,0,1,0,0,0,2.6490709999999993,23.941353,0.11064834138655402,21.104062,,,,,,,24.69617866666667,0.9228694593897032,27.044408166666667,2.788698269502963,28.97926933333333,3.8666120382896647,26.24206029166667,4.062155235283021,27,False,False,True,False,True,False,True,False,True,False,True,False,True,False,True,False
2025-01-02 09:00:00,1/2/2025 4:00:00 AM,51288,WESTERN HUB,,,HUB,,25.05,25.354581,0.327916,-0.023335,True,1,26.21466,9,3,1,2,0,0,0,0,0,0,0,0,0,1,0,0,0,0,0,0,0,0,0,0,0,0,0,0,0,0,0,1,0,0,0,0.8600789999999989,25.354581,0.03392203562740788,21.111353,,,,,,,24.093852666666667,0.1971338401194493,25.946040166666663,2.4130658132530085,28.95045858333333,3.9058417030240324,26.36028075,3.9457419004358663,28,False,False,True,False,True,False,True,False,True,False,True,False,True,False,True,False
2025-01-02 10:00:00,1/2/2025 5:00:00 AM,51288,WESTERN HUB,,,HUB,,28.33,29.19385,0.874893,-0.011043,True,1,30.3394,10,3,1,2,0,0,0,0,0,0,0,0,0,0,1,0,0,0,0,0,0,0,0,0,0,0,0,0,0,0,0,1,0,0,0,1.14555,29.19385,0.039239428852309646,21.640936,,,,,,,24.439894,0.7932127488781963,25.195137166666665,1.4671094982859298,28.766968916666666,4.027120189038772,26.53708191666667,3.7924077595229537,29,False,False,True,False,True,False,True,False,True,False,True,False,True,False,True,False
2025-01-02 11:00:00,1/2/2025 6:00:00 AM,51288,WESTERN HUB,,,HUB,,37.16,38.354161,1.168225,0.025936,True,1,31.181327,11,3,1,2,0,0,0,0,0,0,0,0,0,0,0,1,0,0,0,0,0,0,0,0,0,0,0,0,0,0,0,1,0,0,0,-7.172833999999998,38.354161,-0.1870157973211824,22.587603,,,,,,,26.163261333333335,2.7180239319940207,25.429720000000003,1.9853050946483348,28.379355833333335,3.704855116618011,26.85178666666667,3.6801667969787633,30,False,False,True,False,True,False,True,False,True,False,True,False,True,False,True,False
2025-01-02 12:00:00,1/2/2025 7:00:00 AM,51288,WESTERN HUB,,,HUB,,45.92,46.66937,0.427601,0.321769,True,1,58.934442,12,3,1,2,0,0,0,0,0,0,0,0,0,0,0,0,1,0,0,0,0,0,0,0,0,0,0,0,0,0,0,1,0,0,0,12.265071999999996,46.66937,0.26280774735120693,27.183644,,,,,,,30.967530666666665,6.678826796270449,27.530691666666666,5.659723528981369,28.7735395,4.483421921065472,27.50872658333333,4.249128338719303,31,False,False,True,False,True,False,True,False,True,False,True,False,True,False,True,False
2025-01-02 13:00:00,1/2/2025 8:00:00 AM,51288,WESTERN HUB,,,HUB,,37.46,38.077913,0.527811,0.090102,True,1,40.295363,13,3,1,2,0,0,0,0,0,0,0,0,0,0,0,0,0,1,0,0,0,0,0,0,0,0,0,0,0,0,0,1,0,0,0,2.2174499999999995,38.077913,0.05823454662549388,25.718436,,,,,,,38.07246033333333,8.741165040588134,31.256177166666664,9.304242072438425,29.88794025,6.782411415909507,28.320631833333334,5.772766354824571,32,False,False,True,False,True,False,True,False,True,False,True,False,True,False,True,False
2025-01-02 14:00:00,1/2/2025 9:00:00 AM,51288,WESTERN HUB,,,HUB,,34.22,34.586769,0.232187,0.134582,True,1,34.236214,14,3,1,2,0,0,0,0,0,0,0,0,0,0,0,0,0,0,1,0,0,0,0,0,0,0,0,0,0,0,0,1,0,0,0,-0.35055499999999995,34.586769,-0.010135523211202526,23.946457,,,,,,,41.03381466666667,4.882488215620412,33.598538,8.878656713719659,30.32147308333333,7.147197600894864,28.83561004166667,6.073962152174278,33,False,False,True,False,True,False,True,False,True,False,True,False,True,False,True,False
2025-01-02 15:00:00,1/2/2025 10:00:00 AM,51288,WESTERN HUB,,,HUB,,33.25,33.696353,0.192708,0.253645,True,1,34.688436,15,3,1,2,0,0,0,0,0,0,0,0,0,0,0,0,0,0,0,1,0,0,0,0,0,0,0,0,0,0,0,1,0,0,0,0.9920830000000009,33.696353,0.029441850873297797,24.056353,,,,,,,39.77801733333333,6.218124941609343,35.372774,7.523039588934194,30.65940708333333,7.253118380596046,29.278956375000003,6.089884848584738,34,False,False,True,False,True,False,True,False,True,False,True,False,True,False,True,False
2025-01-02 16:00:00,1/2/2025 11:00:00 AM,51288,WESTERN HUB,,,HUB,,32.12,32.902603,0.454687,0.327916,True,1,31.177855,16,3,1,2,0,0,0,0,0,0,0,0,0,0,0,0,0,0,0,0,1,0,0,0,0,0,0,0,0,0,0,1,0,0,0,-1.7247479999999982,32.902603,-0.052419803989368206,24.181666,,,,,,,35.453678333333336,2.3158509996468206,36.763069333333334,5.896258016471415,30.979103249999998,7.299081562533153,29.680623041666664,6.048211313203837,35,False,False,True,False,True,False,True,False,True,False,True,False,True,False,True,False
2025-01-02 17:00:00,1/2/2025 12:00:00 PM,51288,WESTERN HUB,,,HUB,,29.61,30.408957,0.375625,0.423332,True,1,33.864946,17,3,1,2,0,0,0,0,0,0,0,0,0,0,0,0,0,0,0,0,0,1,0,0,0,0,0,0,0,0,0,1,0,0,0,3.4559890000000024,30.408957,0.11365036295062676,23.683436,,,,,,,33.728575,0.8425452343060567,37.38119483333333,5.0822620392146,31.405457416666668,7.244856299759363,30.043995416666665,5.96487348445128,36,False,False,True,False,True,False,True,False,True,False,True,False,True,False,True,False
2025-01-02 18:00:00,1/2/2025 1:00:00 PM,51288,WESTERN HUB,,,HUB,,29.36,30.207394,0.380416,0.466978,True,1,42.944119,18,3,1,2,0,0,0,0,0,0,0,0,0,0,0,0,0,0,0,0,0,0,1,0,0,0,0,0,0,0,0,1,0,0,0,12.736725,30.207394,0.42164262829160304,23.359374,,,,,,,32.335971,1.7153853744193608,36.05699416666667,5.7669980056471815,31.793842916666666,7.035928478322324,30.32422545833333,5.809008179210267,37,False,False,True,False,True,False,True,False,True,False,True,False,True,False,True,False
2025-01-02 19:00:00,1/2/2025 2:00:00 PM,51288,WESTERN HUB,,,HUB,,29.3,30.08229,0.28,0.50229,True,1,32.351691,19,3,1,2,0,0,0,0,0,0,0,0,0,0,0,0,0,0,0,0,0,0,0,1,0,0,0,0,0,0,0,1,0,0,0,2.269401000000002,30.08229,0.07543976871441642,23.484895,,,,,,,31.172984666666668,1.5012799855437298,33.3133315,2.923030013423732,32.28475433333333,6.662382708249503,30.609559625,5.617038397566827,38,False,False,True,False,True,False,True,False,True,False,True,False,True,False,True,False
2025-01-02 20:00:00,1/2/2025 3:00:00 PM,51288,WESTERN HUB,,,HUB,,29.36,30.108957,0.20052,0.548437,True,1,31.353957,20,3,1,2,0,0,0,0,0,0,0,0,0,0,0,0,0,0,0,0,0,0,0,0,1,0,0,0,0,0,0,1,0,0,0,1.245000000000001,30.108957,0.04134982158299276,24.287082,,,,,,,30.232880333333338,0.1648180727717373,31.980727666666667,1.990171688160174,32.789632833333336,6.192433599791448,30.884451083333335,5.410856108345248,39,False,False,True,False,True,False,True,False,True,False,True,False,True,False,True,False
2025-01-02 21:00:00,1/2/2025 4:00:00 PM,51288,WESTERN HUB,,,HUB,,36.95,37.735103,-0.038229,0.823332,True,1,58.198426,21,3,1,2,0,0,0,0,0,0,0,0,0,0,0,0,0,0,0,0,0,0,0,0,0,1,0,0,0,0,0,1,0,0,0,20.463322999999995,37.735103,0.542288780820341,27.556457,,,,,,,30.132880333333333,0.0658938321255526,31.234425666666667,1.6232184503694898,33.30359983333334,5.620842663737939,31.12702920833333,5.229694565485058,40,False,False,True,False,True,False,True,False,True,False,True,False,True,False,True,False
2025-01-02 22:00:00,1/2/2025 5:00:00 PM,51288,WESTERN HUB,,,HUB,,52.04,53.155935,-0.059792,1.175727,True,1,114.494664,22,3,1,2,0,0,0,0,0,0,0,0,0,0,0,0,0,0,0,0,0,0,0,0,0,0,1,0,0,0,0,1,0,0,0,61.338729,53.155935,1.1539394236974667,33.845207,,,,,,,32.64211666666667,4.410675699466262,31.907550666666666,3.054613778920327,34.33531,5.145260875468636,31.551139458333335,5.339125502207995,41,False,False,True,False,True,False,True,False,True,False,True,False,True,False,True,False
2025-01-02 23:00:00,1/2/2025 6:00:00 PM,51288,WESTERN HUB,,,HUB,,44.13,44.84406,0.045625,0.668435,True,1,47.738592,23,3,1,2,0,0,0,0,0,0,0,0,0,0,0,0,0,0,0,0,0,0,0,0,0,0,0,1,0,0,0,1,0,0,0,2.894531999999998,44.84406,0.06454660884852974,33.623957,,,,,,,40.33333166666667,11.741119745847804,35.283106000000004,9.260570084745885,36.332150416666664,7.205702658982447,32.355753125,6.9207023229957985,42,False,False,True,False,True,False,True,False,True,False,True,False,True,False,True,False
2025-01-03 00:00:00,1/2/2025 7:00:00 PM,51288,WESTERN HUB,,,HUB,,39.27,39.93156,0.099271,0.562289,True,1,48.133132,0,4,1,3,1,0,0,0,0,0,0,0,0,0,0,0,0,0,0,0,0,0,0,0,0,0,0,0,0,0,0,0,1,0,0,8.201572000000006,39.93156,0.20539072352795648,33.296561,,,,,,,45.24503266666667,7.718231611102134,37.688956499999996,9.609543221384307,36.872975333333336,7.603813862291938,32.82325741666667,7.3742053250005,43,False,False,True,False,True,False,True,False,True,False,True,False,True,False,True,False
2025-01-03 01:00:00,1/2/2025 8:00:00 PM,51288,WESTERN HUB,,,HUB,,38.57,39.270206,0.158541,0.541665,True,1,57.037749,1,4,1,3,0,1,0,0,0,0,0,0,0,0,0,0,0,0,0,0,0,0,0,0,0,0,0,0,0,0,0,0,1,0,0,17.767542999999996,39.270206,0.4524433357950808,32.875519,,,,,,,45.977185,6.684609392804858,39.309650833333336,8.888331642130357,36.31149116666666,7.042728395891613,33.099715708333335,7.5157355070562195,44,False,False,True,False,True,False,True,False,True,False,True,False,True,False,True,False
2025-01-03 02:00:00,1/2/2025 9:00:00 PM,51288,WESTERN HUB,,,HUB,,37.34,37.876352,0.146458,0.389894,True,1,47.111439,2,4,1,3,0,0,1,0,0,0,0,0,0,0,0,0,0,0,0,0,0,0,0,0,0,0,0,0,0,0,0,0,1,0,0,9.235087,37.876352,0.2438219763085949,30.531561,,,,,,,41.34860866666667,3.045157187421575,40.84097016666667,7.691552917909083,36.41084891666667,7.07823513996615,33.366161,7.620068745864955,45,False,False,True,False,True,False,True,False,True,False,True,False,True,False,True,False
2025-01-03 03:00:00,1/2/2025 10:00:00 PM,51288,WESTERN HUB,,,HUB,,34.39,35.072498,0.32177,0.360728,True,1,33.860546,3,4,1,3,0,0,0,1,0,0,0,0,0,0,0,0,0,0,0,0,0,0,0,0,0,0,0,0,0,0,0,0,1,0,0,-1.2119520000000037,35.072498,-0.03455562247091734,29.859999,,,,,,,39.02603933333334,1.0491344059029437,42.135536,5.989280115816887,36.684980833333334,7.064856633141106,33.67219395833333,7.6487123511019615,46,False,False,True,False,True,False,True,False,True,False,True,False,True,False,True,False
2025-01-03 04:00:00,1/2/2025 11:00:00 PM,51288,WESTERN HUB,,,HUB,,31.49,32.513436,0.49,0.533436,True,1,34.246587,4,4,1,3,0,0,0,0,1,0,0,0,0,0,0,0,0,0,0,0,0,0,0,0,0,0,0,0,0,0,0,0,1,0,0,1.7331509999999994,32.513436,0.053305685686372846,27.786353,,,,,,,37.406352,2.1379576968022556,41.6917685,6.460626891660207,36.79965958333333,7.022979047309416,33.889381416666666,7.609663039123587,47,False,False,True,False,True,False,True,False,True,False,True,False,True,False,True,False
2025-01-03 05:00:00,1/3/2025 12:00:00 AM,51288,WESTERN HUB,,,HUB,,28.73,30.030728,0.77,0.530728,True,1,29.7444,5,4,1,3,0,0,0,0,0,1,0,0,0,0,0,0,0,0,0,0,0,0,0,0,0,0,0,0,0,0,0,0,1,0,0,-0.286328000000001,30.030728,-0.00953450079531875,25.748331,21.768124,,,,,,35.15409533333334,2.6823889724216694,38.251352,4.254277352176651,36.76722899999999,7.043479404696458,34.08634320833334,7.50528961664937,48,False,False,False,False,True,False,True,False,True,False,True,False,True,False,True,False
2025-01-03 06:00:00,1/3/2025 1:00:00 AM,51288,WESTERN HUB,,,HUB,,28.45,29.898541,1.03,0.418541,True,1,31.914825,6,4,1,3,0,0,0,0,0,0,1,0,0,0,0,0,0,0,0,0,0,0,0,0,0,0,0,0,0,0,0,0,1,0,0,2.016283999999999,29.898541,0.06743753817284927,24.316457,21.464478,,,,,,32.538887333333335,2.5209813587175556,35.78246333333333,3.9506144239081946,36.735709916666664,7.075293279073068,34.26477641666667,7.347691168218091,49,False,False,False,False,True,False,True,False,True,False,True,False,True,False,True,False
2025-01-03 07:00:00,1/3/2025 2:00:00 AM,51288,WESTERN HUB,,,HUB,,27.6,29.186041,1.21,0.376041,True,1,28.834053,7,4,1,3,0,0,0,0,0,0,0,1,0,0,0,0,0,0,0,0,0,0,0,0,0,0,0,0,0,0,0,0,1,0,0,-0.35198799999999864,29.186041,-0.012060148891040023,24.023748,21.044166,,,,,,30.814235,1.4730347516413431,34.1102935,3.9664946438449067,36.70997216666667,7.101712634286249,34.49736325,7.103378375164937,50,False,False,False,False,True,False,True,False,True,False,True,False,True,False,True,False
2025-01-03 08:00:00,1/3/2025 3:00:00 AM,51288,WESTERN HUB,,,HUB,,27.58,29.272707,1.3,0.392707,True,1,31.323714,8,4,1,3,0,0,0,0,0,0,0,0,1,0,0,0,0,0,0,0,0,0,0,0,0,0,0,0,0,0,0,0,1,0,0,2.0510069999999985,29.272707,0.07006550504536524,23.941353,21.104062,,,,,,29.705103333333337,0.45435408015821005,32.429599333333336,3.445012835481098,36.635284750000004,7.182010205529805,34.71245879166667,6.845934309998494,51,False,False,False,False,True,False,True,False,True,False,True,False,True,False,True,False
2025-01-03 09:00:00,1/3/2025 4:00:00 AM,51288,WESTERN HUB,,,HUB,,27.78,29.630207,1.42,0.430207,True,1,31.054704,9,4,1,3,0,0,0,0,0,0,0,0,0,1,0,0,0,0,0,0,0,0,0,0,0,0,0,0,0,0,0,0,1,0,0,1.4244970000000023,29.630207,0.048075836932222664,25.354581,21.111353,,,,,,29.45242966666667,0.3887663053627628,30.9956585,2.336762884614604,36.56559725,7.254780853579978,34.93459854166667,6.561835159537502,52,False,False,False,False,True,False,True,False,True,False,True,False,True,False,True,False
2025-01-03 10:00:00,1/3/2025 5:00:00 AM,51288,WESTERN HUB,,,HUB,,29.86,31.710832,1.35,0.500832,True,1,28.199495,10,4,1,3,0,0,0,0,0,0,0,0,0,0,1,0,0,0,0,0,0,0,0,0,0,0,0,0,0,0,0,0,1,0,0,-3.511337000000001,31.710832,-0.11072989191831993,29.19385,21.640936,,,,,,29.362985,0.23544308622696647,30.08861,1.2336709039723974,35.89018925,7.508831649773974,35.112749625,6.344887641882188,53,False,False,False,False,True,False,True,False,True,False,True,False,True,False,True,False
2025-01-03 11:00:00,1/3/2025 6:00:00 AM,51288,WESTERN HUB,,,HUB,,37.02,38.938227,1.274062,0.644165,True,1,79.181004,11,4,1,3,0,0,0,0,0,0,0,0,0,0,0,1,0,0,0,0,0,0,0,0,0,0,0,0,0,0,0,0,1,0,0,40.242777000000004,38.938227,1.0335030662798284,38.354161,22.587603,,,,,,30.204582000000002,1.3166409379079334,29.954842666666664,0.9224077608894784,34.10309733333333,5.233152714683749,35.217623875,6.263074968775188,54,False,False,False,False,True,False,True,False,True,False,True,False,True,False,True,False
2025-01-03 12:00:00,1/3/2025 7:00:00 AM,51288,WESTERN HUB,,,HUB,,42.25,44.174372,1.445832,0.47854,True,1,71.689098,12,4,1,3,0,0,0,0,0,0,0,0,0,0,0,0,1,0,0,0,0,0,0,0,0,0,0,0,0,0,0,0,1,0,0,27.514726000000003,44.174372,0.6228662628186317,46.66937,27.183644,,,,,,33.426422,4.885411534986085,31.43942583333333,3.7874976649711365,33.61094458333333,4.331159708459186,35.24195995833333,6.2769117790375555,55,False,False,False,False,True,False,True,False,True,False,True,False,True,False,True,False
2025-01-03 13:00:00,1/3/2025 8:00:00 AM,51288,WESTERN HUB,,,HUB,,37.95,39.281769,1.27802,0.053749,True,1,55.230497,13,4,1,3,0,0,0,0,0,0,0,0,0,0,0,0,0,1,0,0,0,0,0,0,0,0,0,0,0,0,0,0,1,0,0,15.948728000000003,39.281769,0.40600839539583883,38.077913,25.718436,,,,,,38.274477,6.2582250183079156,33.818731,6.285915401154393,33.96451225,5.013473546579878,35.138001708333334,6.097519820378017,56,False,False,False,False,True,False,True,False,True,False,True,False,True,False,True,False
2025-01-03 14:00:00,1/3/2025 9:00:00 AM,51288,WESTERN HUB,,,HUB,,33.38,34.526457,0.967604,0.178853,True,1,48.615857,14,4,1,3,0,0,0,0,0,0,0,0,0,0,0,0,0,0,1,0,0,0,0,0,0,0,0,0,0,0,0,0,1,0,0,14.089399999999998,34.526457,0.4080754651425716,34.586769,23.946457,,,,,,40.798122666666664,2.9289588503539066,35.50135233333333,6.147509128051185,33.96547583333333,5.0145869861610715,35.188162375,6.127633580481592,57,False,False,False,False,True,False,True,False,True,False,True,False,True,False,True,False
2025-01-03 15:00:00,1/3/2025 10:00:00 AM,51288,WESTERN HUB,,,HUB,,32.49,33.01677,0.477083,0.049687,True,1,35.192394,15,4,1,3,0,0,0,0,0,0,0,0,0,0,0,0,0,0,0,1,0,0,0,0,0,0,0,0,0,0,0,0,1,0,0,2.175623999999999,33.01677,0.06589451360626733,33.696353,24.056353,,,,,,39.32753266666667,4.824120302883883,36.376977333333336,5.41319546619394,33.68631791666667,4.86818527723755,35.185649375,6.127903302217701,58,False,False,False,False,True,False,True,False,True,False,True,False,True,False,True,False
2025-01-03 16:00:00,1/3/2025 11:00:00 AM,51288,WESTERN HUB,,,HUB,,30.93,33.363433,2.250309,0.183124,True,1,31.674252,16,4,1,3,0,0,0,0,0,0,0,0,0,0,0,0,0,0,0,0,1,0,0,0,0,0,0,0,0,0,0,0,1,0,0,-1.6891810000000014,33.363433,-0.05062971187647271,32.902603,24.181666,,,,,,35.608332,3.26961668307146,36.9414045,4.698383573305297,33.51500725,4.851111755274193,35.15733341666667,6.136648162004644,59,False,False,False,False,True,False,True,False,True,False,True,False,True,False,True,False
2025-01-03 17:00:00,1/3/2025 12:00:00 PM,51288,WESTERN HUB,,,HUB,,29.36,32.921452,3.37614,0.185312,True,1,33.953747,17,4,1,3,0,0,0,0,0,0,0,0,0,0,0,0,0,0,0,0,0,1,0,0,0,0,0,0,0,0,0,0,1,0,0,1.0322949999999977,32.921452,0.031356302267591285,30.408957,23.683436,,,,,,33.63555333333334,0.790775452548061,37.216838,4.367192478218649,33.58584033333334,4.841353677713934,35.17653466666667,6.130003852110435,60,False,False,False,False,True,False,True,False,True,False,True,False,True,False,True,False
2025-01-03 18:00:00,1/3/2025 1:00:00 PM,51288,WESTERN HUB,,,HUB,,28.21,33.163325,4.723846,0.229479,True,1,46.374716,18,4,1,3,0,0,0,0,0,0,0,0,0,0,0,0,0,0,0,0,0,0,1,0,0,0,0,0,0,0,0,0,1,0,0,13.211390999999999,33.163325,0.39837353461994535,30.207394,23.359374,,,,,,33.10055166666667,0.23259691924572432,36.214042166666665,4.578545939676014,33.826734,4.718743966267314,35.28122195833333,6.0661654708267525,61,False,False,False,False,True,False,True,False,True,False,True,False,True,False,True,False
2025-01-03 19:00:00,1/3/2025 2:00:00 PM,51288,WESTERN HUB,,,HUB,,27.74,32.025618,3.925098,0.36052,True,1,41.531436,19,4,1,3,0,0,0,0,0,0,0,0,0,0,0,0,0,0,0,0,0,0,0,1,0,0,0,0,0,0,0,0,1,0,0,9.505817999999998,32.025618,0.29681919018705577,30.08229,23.484895,,,,,,33.14940333333334,0.22131913765555994,34.37886766666667,2.4717704631075774,34.09879933333333,4.563224214201629,35.40438575,5.988176955115496,62,False,False,False,False,True,False,True,False,True,False,True,False,True,False,True,False
2025-01-03 20:00:00,1/3/2025 3:00:00 PM,51288,WESTERN HUB,,,HUB,,29.39,30.72177,1.009687,0.322083,True,1,35.256092,20,4,1,3,0,0,0,0,0,0,0,0,0,0,0,0,0,0,0,0,0,0,0,0,1,0,0,0,0,0,0,0,1,0,0,4.534322000000003,30.72177,0.14759312370348462,30.108957,24.287082,,,,,,32.703465,0.5993605372305381,33.16950916666667,0.8089871113419367,34.33543075,4.35414244547898,35.48535775,5.925897722614108,63,False,False,False,False,True,False,True,False,True,False,True,False,True,False,True,False
2025-01-03 21:00:00,1/3/2025 4:00:00 PM,51288,WESTERN HUB,,,HUB,,32.5,33.466353,0.56,0.406353,True,1,33.473254,21,4,1,3,0,0,0,0,0,0,0,0,0,0,0,0,0,0,0,0,0,0,0,0,0,1,0,0,0,0,0,0,1,0,0,0.006900999999999158,33.466353,0.0002062071119610541,37.735103,27.556457,,,,,,31.970237666666673,1.221719256006317,32.53539466666667,1.0009808332402184,34.456185999999995,4.218967032916343,35.510891625000006,5.903000355644944,64,False,False,False,False,True,False,True,False,True,False,True,False,True,False,True,False
2025-01-03 22:00:00,1/3/2025 5:00:00 PM,51288,WESTERN HUB,,,HUB,,41.36,42.367394,0.391875,0.615519,True,1,47.860435,22,4,1,3,0,0,0,0,0,0,0,0,0,0,0,0,0,0,0,0,0,0,0,0,0,0,1,0,0,0,0,0,1,0,0,5.493041000000005,42.367394,0.1296525578136811,53.155935,33.845207,,,,,,32.071247,1.3728603225395106,32.61032516666667,1.0593476172107903,34.77586483333334,3.957270322455481,35.33302704166666,5.897376963272126,65,False,False,False,False,True,False,True,False,True,False,True,False,True,False,True,False
2025-01-03 23:00:00,1/3/2025 6:00:00 PM,51288,WESTERN HUB,,,HUB,,39.84,40.614894,0.242396,0.532498,True,1,45.719005,23,4,1,3,0,0,0,0,0,0,0,0,0,0,0,0,0,0,0,0,0,0,0,0,0,0,0,1,0,0,0,0,1,0,0,5.104111000000003,40.614894,0.1256709176687745,44.84406,33.623957,,,,,,35.51850566666666,6.087991254332134,34.11098533333333,4.16491109305606,35.66391166666667,4.380050177540261,34.883504499999994,4.786279503282767,66,False,False,False,False,True,False,True,False,True,False,True,False,True,False,True,False
2025-01-04 00:00:00,1/3/2025 7:00:00 PM,51288,WESTERN HUB,,,HUB,,37.62,38.11354,0.131771,0.361769,True,1,40.87907,0,5,1,4,1,0,0,0,0,0,0,0,0,0,0,0,0,0,0,0,0,0,0,0,0,0,0,0,0,0,0,0,0,1,0,2.7655299999999983,38.11354,0.07256030271656734,39.93156,33.296561,,,,,,38.81621366666667,4.715248766190443,35.393225666666666,4.852904672955712,35.80363391666667,4.518548163983362,34.70728925,4.4710944108635795,67,False,False,False,False,True,False,True,False,True,False,True,False,True,False,True,False
2025-01-04 01:00:00,1/3/2025 8:00:00 PM,51288,WESTERN HUB,,,HUB,,37.0,37.479686,0.142292,0.337394,True,1,40.087576,1,5,1,4,0,1,0,0,0,0,0,0,0,0,0,0,0,0,0,0,0,0,0,0,0,0,0,0,0,0,0,0,0,1,0,2.6078899999999976,37.479686,0.06958142605570382,39.270206,32.875519,,,,,,40.365276,2.1378845438358303,36.2182615,4.818650581961946,35.29856458333334,3.775462913086161,34.631538416666665,4.393461461338987,68,False,False,False,False,True,False,True,False,True,False,True,False,True,False,True,False
2025-01-04 02:00:00,1/3/2025 9:00:00 PM,51288,WESTERN HUB,,,HUB,,35.56,36.215103,0.209167,0.445936,True,1,37.977985,2,5,1,4,0,0,1,0,0,0,0,0,0,0,0,0,0,0,0,0,0,0,0,0,0,0,0,0,0,0,0,0,0,1,0,1.7628819999999976,36.215103,0.04867808880731328,37.876352,30.531561,,,,,,38.73604,1.6577128787326685,37.127272833333336,4.36238672704629,35.148391000000004,3.6358826643320614,34.556933416666666,4.325951561797457,69,False,False,False,False,True,False,True,False,True,False,True,False,True,False,True,False
2025-01-04 03:00:00,1/3/2025 10:00:00 PM,51288,WESTERN HUB,,,HUB,,33.95,34.589999,0.22,0.419999,True,1,34.725146,3,5,1,4,0,0,0,1,0,0,0,0,0,0,0,0,0,0,0,0,0,0,0,0,0,0,0,0,0,0,0,0,0,1,0,0.13514700000000346,34.589999,0.003907111995001892,35.072498,29.859999,,,,,,37.269443,0.9665233313423791,38.04282833333333,3.159880560941142,35.2891115,3.64229592574693,34.487714708333336,4.283612383365053,70,False,False,False,False,True,False,True,False,True,False,True,False,True,False,True,False
2025-01-04 04:00:00,1/3/2025 11:00:00 PM,51288,WESTERN HUB,,,HUB,,31.87,33.010832,0.29,0.850832,True,1,33.92341,4,5,1,4,0,0,0,0,1,0,0,0,0,0,0,0,0,0,0,0,0,0,0,0,0,0,0,0,0,0,0,0,0,1,0,0.9125779999999963,33.010832,0.02764480459020228,32.513436,27.786353,,,,,,36.09492933333333,1.4485869052675173,38.23010266666666,2.8527775822883377,35.42021391666667,3.5808643444768715,34.46761058333333,4.281880410414102,71,False,False,False,False,True,False,True,False,True,False,True,False,True,False,True,False
2025-01-04 05:00:00,1/4/2025 12:00:00 AM,51288,WESTERN HUB,,,HUB,,34.4,35.75604,0.348542,1.007498,True,1,49.27538,5,5,1,4,0,0,0,0,0,1,0,0,0,0,0,0,0,0,0,0,0,0,0,0,0,0,0,0,0,0,0,0,0,1,0,13.51934,35.75604,0.3780994763402211,30.030728,25.748331,21.768124,,,,,34.60531133333333,1.6021903791449221,36.67067566666667,2.6916326263111356,35.3908305,3.600667827552646,34.488335416666665,4.273205667770605,72,False,False,False,False,False,False,True,False,True,False,True,False,True,False,True,False
2025-01-04 06:00:00,1/4/2025 1:00:00 AM,51288,WESTERN HUB,,,HUB,,34.07,35.816144,0.661354,1.08479,True,1,38.065537,6,5,1,4,0,0,0,0,0,0,1,0,0,0,0,0,0,0,0,0,0,0,0,0,0,0,0,0,0,0,0,0,0,1,0,2.2493929999999978,35.816144,0.06280388530937327,29.898541,24.316457,21.464478,,,,,34.45229033333334,1.377775198816029,35.860866666666666,1.8745339377009487,35.627046166666666,3.515923136978943,34.72689008333334,4.172152008320723,73,False,False,False,False,False,False,True,False,True,False,True,False,True,False,True,False
2025-01-04 07:00:00,1/4/2025 2:00:00 AM,51288,WESTERN HUB,,,HUB,,33.57,35.522081,0.941146,1.010935,True,1,35.697967,7,5,1,4,0,0,0,0,0,0,0,1,0,0,0,0,0,0,0,0,0,0,0,0,0,0,0,0,0,0,0,0,0,1,0,0.17588599999999843,35.522081,0.004951455406005026,29.186041,24.023748,21.044166,,,,,34.86100533333333,1.6025789045278038,35.47796733333333,1.5242820599458105,35.84811441666667,3.4292624771115245,34.973456875000004,4.047393361866577,74,False,False,False,False,False,False,True,False,True,False,True,False,True,False,True,False
2025-01-04 08:00:00,1/4/2025 3:00:00 AM,51288,WESTERN HUB,,,HUB,,34.15,36.245623,0.962916,1.132707,True,1,35.076396,8,5,1,4,0,0,0,0,0,0,0,0,1,0,0,0,0,0,0,0,0,0,0,0,0,0,0,0,0,0,0,0,0,1,0,-1.1692269999999994,36.245623,-0.03225843296996162,29.272707,23.941353,21.104062,,,,,35.69808833333334,0.15536105929256214,35.15169983333333,1.1809779419727355,36.13948633333333,3.2169197620997307,35.23745854166666,3.85557823098667,75,False,False,False,False,False,False,True,False,True,False,True,False,True,False,True,False
2025-01-04 09:00:00,1/4/2025 4:00:00 AM,51288,WESTERN HUB,,,HUB,,35.02,36.853644,0.708333,1.125311,True,1,37.037142,9,5,1,4,0,0,0,0,0,0,0,0,0,1,0,0,0,0,0,0,0,0,0,0,0,0,0,0,0,0,0,0,0,1,0,0.18349800000000016,36.853644,0.004979100574152183,29.630207,25.354581,21.111353,,,,,35.861282666666675,0.3638768759656226,35.1567865,1.1865269362098323,36.59980741666667,2.7294882810465704,35.52799670833333,3.6434477029869,76,False,False,False,False,False,False,True,False,True,False,True,False,True,False,True,False
2025-01-04 10:00:00,1/4/2025 5:00:00 AM,51288,WESTERN HUB,,,HUB,,34.83,36.705414,0.707708,1.167706,True,1,35.91551,10,5,1,4,0,0,0,0,0,0,0,0,0,0,1,0,0,0,0,0,0,0,0,0,0,0,0,0,0,0,0,0,0,1,0,-0.7899039999999999,36.705414,-0.02152009510095704,31.710832,29.19385,21.640936,,,,,36.207116000000006,0.6666161545665965,35.53406066666667,1.322368585221472,36.882081666666664,2.54488650297433,35.828973250000004,3.426988086860869,77,False,False,False,False,False,False,True,False,True,False,True,False,True,False,True,False
2025-01-04 11:00:00,1/4/2025 6:00:00 AM,51288,WESTERN HUB,,,HUB,,39.18,40.974579,0.486665,1.307914,True,1,32.376674,11,5,1,4,0,0,0,0,0,0,0,0,0,0,0,1,0,0,0,0,0,0,0,0,0,0,0,0,0,0,0,0,0,1,0,-8.597904999999997,40.974579,-0.20983510288171595,38.938227,38.354161,22.587603,,,,,36.60156033333334,0.31703560079346577,36.149824333333335,0.5428977332804044,36.41025,1.8711197195413902,36.03708083333333,3.3158862651321317,78,False,False,False,False,False,False,True,False,True,False,True,False,True,False,True,False
2025-01-04 12:00:00,1/4/2025 7:00:00 AM,51288,WESTERN HUB,,,HUB,,45.52,48.066241,0.865619,1.680622,True,1,32.391899,12,5,1,4,0,0,0,0,0,0,0,0,0,0,0,0,1,0,0,0,0,0,0,0,0,0,0,0,0,0,0,0,0,1,0,-15.674341999999996,48.066241,-0.32609876857231246,44.174372,46.66937,27.183644,,,,,38.177879,2.4231469622631394,37.019580833333336,2.0028990499071213,36.44022375,1.945981079947719,36.121928833333335,3.4178355616351452,79,False,False,False,False,False,False,True,False,True,False,True,False,True,False,True,False
2025-01-04 13:00:00,1/4/2025 8:00:00 AM,51288,WESTERN HUB,,,HUB,,41.29,43.618849,0.870622,1.458227,True,1,32.165215,13,5,1,4,0,0,0,0,0,0,0,0,0,0,0,0,0,1,0,0,0,0,0,0,0,0,0,0,0,0,0,0,0,1,0,-11.453633999999994,43.618849,-0.26258450790391086,39.281769,38.077913,25.718436,,,,,41.91541133333333,5.738551353831934,39.06126366666667,4.8089011404898345,37.2696155,3.8819496943467438,36.284090041666666,3.8778660666456393,80,False,False,False,False,False,False,True,False,True,False,True,False,True,False,True,False
2025-01-04 14:00:00,1/4/2025 9:00:00 AM,51288,WESTERN HUB,,,HUB,,36.08,37.905102,0.595833,1.229269,True,1,29.497525,14,5,1,4,0,0,0,0,0,0,0,0,0,0,0,0,0,0,1,0,0,0,0,0,0,0,0,0,0,0,0,0,0,1,0,-8.407577,37.905102,-0.22180594580645108,34.526457,34.586769,23.946457,,,,,44.21988966666667,3.5838324309042773,40.410725000000006,4.752833800515908,37.78121241666667,4.294740200467889,36.46480170833333,4.117298022784135,81,False,False,False,False,False,False,True,False,True,False,True,False,True,False,True,False
2025-01-04 15:00:00,1/4/2025 10:00:00 AM,51288,WESTERN HUB,,,HUB,,35.82,38.028435,0.768437,1.439998,True,1,35.220579,15,5,1,4,0,0,0,0,0,0,0,0,0,0,0,0,0,0,0,1,0,0,0,0,0,0,0,0,0,0,0,0,0,1,0,-2.807856000000001,38.028435,-0.07383569689365342,33.01677,33.696353,24.056353,,,,,43.19673066666667,5.093704384809967,40.687304833333336,4.503737097103187,37.92204566666666,4.2663308608524755,36.60557858333333,4.105886224469992,82,False,False,False,False,False,False,True,False,True,False,True,False,True,False,True,False
2025-01-04 16:00:00,1/4/2025 11:00:00 AM,51288,WESTERN HUB,,,HUB,,35.05,37.331039,0.702499,1.57854,True,1,47.240142,16,5,1,4,0,0,0,0,0,0,0,0,0,0,0,0,0,0,0,0,1,0,0,0,0,0,0,0,0,0,0,0,0,1,0,9.909103000000002,37.331039,0.26543871441670835,33.363433,32.902603,24.181666,,,,,39.85079533333334,3.26381281377814,40.88310333333333,4.325756587906437,38.208582,4.1356643526375425,36.81439795833333,4.042380806300423,83,False,False,False,False,False,False,True,False,True,False,True,False,True,False,True,False
2025-01-04 17:00:00,1/4/2025 12:00:00 PM,51288,WESTERN HUB,,,HUB,,34.03,36.406143,0.832499,1.543644,True,1,33.675276,17,5,1,4,0,0,0,0,0,0,0,0,0,0,0,0,0,0,0,0,0,1,0,0,0,0,0,0,0,0,0,0,0,1,0,-2.7308670000000035,36.406143,-0.07501115951777708,32.921452,30.408957,23.683436,,,,,37.75485866666667,0.37218287119702426,40.98737416666666,4.210930745364192,38.56859925,3.8178890362610356,36.979714875,3.9756936821257773,84,False,False,False,False,False,False,True,False,True,False,True,False,True,False,True,False
2025-01-04 18:00:00,1/4/2025 1:00:00 PM,51288,WESTERN HUB,,,HUB,,32.34,34.635415,0.80302,1.492395,True,1,37.443971,18,5,1,4,0,0,0,0,0,0,0,0,0,0,0,0,0,0,0,0,0,0,1,0,0,0,0,0,0,0,0,0,0,1,0,2.808555999999996,34.635415,0.08108913954113141,33.163325,30.207394,23.359374,,,,,37.25520566666666,0.8138002544540498,40.22596816666667,4.608009752949733,38.6227745,3.7787630447382834,37.12491033333334,3.883604061617494,85,False,False,False,False,False,False,True,False,True,False,True,False,True,False,True,False
2025-01-04 19:00:00,1/4/2025 2:00:00 PM,51288,WESTERN HUB,,,HUB,,31.36,33.623019,0.887708,1.375311,True,1,31.240223,19,5,1,4,0,0,0,0,0,0,0,0,0,0,0,0,0,0,0,0,0,0,0,1,0,0,0,0,0,0,0,0,0,1,0,-2.382795999999999,33.623019,-0.07086799671379894,32.025618,30.08229,23.484895,,,,,36.124199,1.3697505253498385,37.987497166666664,3.0294772327111414,38.524380416666666,3.8726926960938717,37.18624741666667,3.8295639814524693,86,False,False,False,False,False,False,True,False,True,False,True,False,True,False,True,False
2025-01-04 20:00:00,1/4/2025 3:00:00 PM,51288,WESTERN HUB,,,HUB,,32.61,34.70354,0.765521,1.328019,True,1,32.522846,20,5,1,4,0,0,0,0,0,0,0,0,0,0,0,0,0,0,0,0,0,0,0,0,1,0,0,0,0,0,0,0,0,1,0,-2.1806939999999955,34.70354,-0.06283779695097376,30.72177,30.108957,24.287082,,,,,34.888192333333336,1.4086756493350447,36.3215255,1.8205734343487985,38.36612525,4.041649544862032,37.25280579166667,3.749006053686347,87,False,False,False,False,False,False,True,False,True,False,True,False,True,False,True,False
2025-01-04 21:00:00,1/4/2025 4:00:00 PM,51288,WESTERN HUB,,,HUB,,40.03,42.699684,1.199061,1.470623,True,1,35.294356,21,5,1,4,0,0,0,0,0,0,0,0,0,0,0,0,0,0,0,0,0,0,0,0,0,1,0,0,0,0,0,0,0,1,0,-7.405327999999997,42.699684,-0.17342816869558092,33.466353,37.735103,27.556457,,,,,34.320658,0.6051325347782744,35.78793183333333,1.730564502669598,38.23761833333333,4.138555677659962,37.418712875,3.5290705187220075,88,False,False,False,False,False,False,True,False,True,False,True,False,True,False,True,False
2025-01-04 22:00:00,1/4/2025 5:00:00 PM,51288,WESTERN HUB,,,HUB,,52.26,55.772181,1.500933,2.011248,True,1,48.226491,22,5,1,4,0,0,0,0,0,0,0,0,0,0,0,0,0,0,0,0,0,0,0,0,0,0,1,0,0,0,0,0,0,1,0,-7.5456900000000005,55.772181,-0.13529487039425622,42.367394,53.155935,33.845207,,,,,37.00874766666667,4.958018623442282,36.566473333333334,3.289071901304217,38.72478833333333,4.301698436447959,37.803435,3.5823542867239646,89,False,False,False,False,False,False,True,False,True,False,True,False,True,False,True,False
2025-01-04 23:00:00,1/4/2025 6:00:00 PM,51288,WESTERN HUB,,,HUB,,47.24,50.178326,1.309058,1.629268,True,1,51.418375,23,5,1,4,0,0,0,0,0,0,0,0,0,0,0,0,0,0,0,0,0,0,0,0,0,0,0,1,0,0,0,0,0,1,0,1.240048999999999,50.178326,0.024712841157754028,40.614894,44.84406,33.623957,,,,,44.39180166666667,10.635758320171842,39.639997,8.552021162289028,40.31368558333333,6.465230743264892,38.361967791666665,5.06361328874536,90,False,False,False,False,False,False,True,False,True,False,True,False,True,False,True,False
2025-01-05 00:00:00,1/4/2025 7:00:00 PM,51288,WESTERN HUB,,,HUB,,44.62,47.24218,1.552911,1.069269,True,1,43.858919,0,6,1,5,1,0,0,0,0,0,0,0,0,0,0,0,0,0,0,0,0,0,0,0,0,0,0,0,0,0,0,0,0,0,1,-3.3832609999999974,47.24218,-0.07161525992238287,38.11354,39.93156,33.296561,,,,,49.55006366666667,6.558855054303801,41.935360833333334,9.323858916305772,41.0806645,7.068538261767868,38.760444125,5.596831296301803,91,False,False,False,False,False,False,True,False,True,False,True,False,True,False,True,False
2025-01-05 01:00:00,1/4/2025 8:00:00 PM,51288,WESTERN HUB,,,HUB,,43.69,47.62249,2.918221,1.014269,True,1,106.403823,1,6,1,5,0,1,0,0,0,0,0,0,0,0,0,0,0,0,0,0,0,0,0,0,0,0,0,0,0,0,0,0,0,0,1,58.781333000000004,47.62249,1.2343187640965436,37.479686,39.270206,32.875519,,,,,51.064229000000005,4.333456744800525,44.03648833333333,8.752787274079445,41.01199275,6.998155401423816,39.140804125,5.855184109008895,92,False,False,False,False,False,False,True,False,True,False,True,False,True,False,True,False
2025-01-05 02:00:00,1/4/2025 9:00:00 PM,51288,WESTERN HUB,,,HUB,,43.26,45.909784,1.675828,0.973956,True,1,39.275132,2,6,1,5,0,0,1,0,0,0,0,0,0,0,0,0,0,0,0,0,0,0,0,0,0,0,0,0,0,0,0,0,0,0,1,-6.634652000000003,45.909784,-0.1445149905301232,36.215103,37.876352,30.531561,,,,,48.34766533333333,1.596761654532527,46.369733499999995,7.138785494422105,41.3456295,7.225480052374864,39.56342095833333,6.091356399273613,93,False,False,False,False,False,False,True,False,True,False,True,False,True,False,True,False
2025-01-05 03:00:00,1/4/2025 10:00:00 PM,51288,WESTERN HUB,,,HUB,,42.44,44.790514,1.332183,1.018331,True,1,36.363305,3,6,1,5,0,0,0,1,0,0,0,0,0,0,0,0,0,0,0,0,0,0,0,0,0,0,0,0,0,0,0,0,0,0,1,-8.427209000000005,44.790514,-0.188147182235953,34.589999,35.072498,29.859999,,,,,46.924817999999995,0.8993772511533229,48.23744083333333,4.4270258716669435,42.01268633333333,7.248434820734449,39.967366000000005,6.180457617763716,94,False,False,False,False,False,False,True,False,True,False,True,False,True,False,True,False
2025-01-05 04:00:00,1/4/2025 11:00:00 PM,51288,WESTERN HUB,,,HUB,,39.9,43.436767,2.361665,1.175102,True,1,36.521821,4,6,1,5,0,0,0,0,1,0,0,0,0,0,0,0,0,0,0,0,0,0,0,0,0,0,0,0,0,0,0,0,0,0,1,-6.9149460000000005,43.436767,-0.15919568783744886,33.010832,32.513436,27.786353,,,,,46.107596,1.4263131516788634,48.5859125,3.961786192526015,42.57619291666666,7.172988933744318,40.39238745833333,6.14522274478864,95,False,False,False,False,False,False,True,False,True,False,True,False,True,False,True,False
2025-01-05 05:00:00,1/5/2025 12:00:00 AM,51288,WESTERN HUB,,,HUB,,38.63,40.217494,0.890309,0.697185,True,1,39.059234,5,6,1,5,0,0,0,0,0,1,0,0,0,0,0,0,0,0,0,0,0,0,0,0,0,0,0,0,0,0,0,0,0,0,1,-1.1582600000000056,40.217494,-0.028799904837432326,35.75604,30.030728,25.748331,21.768124,,,,44.712355,1.2383597589283415,46.53001016666667,2.365991850252002,43.08500358333333,6.981089790472411,40.82680141666666,5.966640062180313,96,False,False,False,False,False,False,False,False,True,False,True,False,True,False,True,False
2025-01-05 06:00:00,1/5/2025 1:00:00 AM,51288,WESTERN HUB,,,HUB,,36.86,38.333745,0.829164,0.644581,True,1,34.669607,6,6,1,5,0,0,0,0,0,0,1,0,0,0,0,0,0,0,0,0,0,0,0,0,0,0,0,0,0,0,0,0,0,0,1,-3.6641380000000012,38.333745,-0.09558518219391299,35.816144,29.898541,24.316457,21.464478,,,,42.81492500000001,2.3490729202864298,44.869871499999995,2.7564787957320256,43.40261616666667,6.731855483586464,41.01269533333333,5.870514126630643,97,False,False,False,False,False,False,False,False,True,False,True,False,True,False,True,False
2025-01-05 07:00:00,1/5/2025 2:00:00 AM,51288,WESTERN HUB,,,HUB,,35.52,36.900725,0.796664,0.584061,True,1,33.981231,7,6,1,5,0,0,0,0,0,0,0,1,0,0,0,0,0,0,0,0,0,0,0,0,0,0,0,0,0,0,0,0,0,0,1,-2.9194940000000003,36.900725,-0.07911752411368611,35.522081,29.186041,24.023748,21.044166,,,,40.66266866666667,2.580473550727137,43.38513233333333,3.517307959312846,43.710810333333335,6.368862433361235,41.117595375,5.795635776471985,98,False,False,False,False,False,False,False,False,True,False,True,False,True,False,True,False
2025-01-05 08:00:00,1/5/2025 3:00:00 AM,51288,WESTERN HUB,,,HUB,,36.59,37.936975,0.765831,0.581144,True,1,34.705736,8,6,1,5,0,0,0,0,0,0,0,0,1,0,0,0,0,0,0,0,0,0,0,0,0,0,0,0,0,0,0,0,0,0,1,-3.231238999999995,37.936975,-0.08517387061040042,36.245623,29.272707,23.941353,21.104062,,,,38.483988000000004,1.6634809494331262,41.5981715,3.6548663656377878,43.983952499999994,5.953646279151125,41.175038875,5.744369961037139,99,False,False,False,False,False,False,False,False,True,False,True,False,True,False,True,False
2025-01-05 09:00:00,1/5/2025 4:00:00 AM,51288,WESTERN HUB,,,HUB,,36.8,38.072912,0.719164,0.553748,True,1,34.302566,9,6,1,5,0,0,0,0,0,0,0,0,0,1,0,0,0,0,0,0,0,0,0,0,0,0,0,0,0,0,0,0,0,0,1,-3.7703460000000035,38.072912,-0.09902961979897948,36.853644,29.630207,25.354581,21.111353,,,,37.723815,0.7399084195357702,40.26937,3.1940669265497386,44.25340541666667,5.555288769300662,41.245511875,5.691396275055641,100,False,False,False,False,False,False,False,False,True,False,True,False,True,False,True,False
2025-01-05 10:00:00,1/5/2025 5:00:00 AM,51288,WESTERN HUB,,,HUB,,37.97,39.239473,0.752288,0.517185,True,1,44.347543,10,6,1,5,0,0,0,0,0,0,0,0,0,0,1,0,0,0,0,0,0,0,0,0,0,0,0,0,0,0,0,0,0,0,1,5.108070000000005,39.239473,0.1301768247499146,36.705414,31.710832,29.19385,21.640936,,,,37.636870666666674,0.641133799535054,39.149769666666664,2.361057936393002,43.86784108333333,5.826850831863595,41.296314708333334,5.655819435266946,101,False,False,False,False,False,False,False,False,True,False,True,False,True,False,True,False
2025-01-05 11:00:00,1/5/2025 6:00:00 AM,51288,WESTERN HUB,,,HUB,,41.6,43.38874,1.148013,0.640727,True,1,139.548265,11,6,1,5,0,0,0,0,0,0,0,0,0,0,0,1,0,0,0,0,0,0,0,0,0,0,0,0,0,0,0,0,0,0,1,96.15952499999999,43.38874,2.216232252884043,40.974579,38.938227,38.354161,22.587603,,,,38.41645333333333,0.7159893475340761,38.45022066666667,1.145989583427351,42.49011541666666,4.5766705136619725,41.4019005,5.589654333302675,102,False,False,False,False,False,False,False,False,True,False,True,False,True,False,True,False
2025-01-05 12:00:00,1/5/2025 7:00:00 AM,51288,WESTERN HUB,,,HUB,,49.71,52.148524,1.77634,0.662184,True,1,133.215218,12,6,1,5,0,0,0,0,0,0,0,0,0,0,0,0,1,0,0,0,0,0,0,0,0,0,0,0,0,0,0,0,0,0,1,81.06669399999998,52.148524,1.5545347745604454,48.066241,44.174372,46.66937,27.183644,,,,40.23370833333334,2.7939013502506325,38.978761666666664,2.287183650935354,41.92431658333333,3.911085029959748,41.50249054166667,5.603335594293788,103,False,False,False,False,False,False,False,False,True,False,True,False,True,False,True,False
2025-01-05 13:00:00,1/5/2025 8:00:00 AM,51288,WESTERN HUB,,,HUB,,42.17,44.392491,1.406452,0.816039,True,1,45.868346,13,6,1,5,0,0,0,0,0,0,0,0,0,0,0,0,0,1,0,0,0,0,0,0,0,0,0,0,0,0,0,0,0,0,1,1.4758550000000028,44.392491,0.03324560002726593,43.618849,39.281769,38.077913,25.718436,,,,44.925579000000006,6.5903190373525256,41.28122483333333,5.78575179001998,42.33317858333333,4.6953669194169025,41.67258566666667,5.867005520454288,104,False,False,False,False,False,False,False,False,True,False,True,False,True,False,True,False
2025-01-05 14:00:00,1/5/2025 9:00:00 AM,51288,WESTERN HUB,,,HUB,,33.54,34.839998,0.781041,0.518957,True,1,31.720971,14,6,1,5,0,0,0,0,0,0,0,0,0,0,0,0,0,0,1,0,0,0,0,0,0,0,0,0,0,0,0,0,0,0,1,-3.1190270000000027,34.839998,-0.0895243162757932,37.905102,34.526457,34.586769,23.946457,,,,46.643251666666664,4.794048040604564,42.5298525,5.449979650398991,42.064012,4.4507989084643,41.70482075,5.880274108211736,105,False,False,False,False,False,False,False,False,True,False,True,False,True,False,True,False
2025-01-05 15:00:00,1/5/2025 10:00:00 AM,51288,WESTERN HUB,,,HUB,,33.57,34.761144,0.614062,0.577082,True,1,32.435997,15,6,1,5,0,0,0,0,0,0,0,0,0,0,0,0,0,0,0,1,0,0,0,0,0,0,0,0,0,0,0,0,0,0,1,-2.325147000000001,34.761144,-0.06688925427770735,38.028435,33.01677,33.696353,24.056353,,,,43.793670999999996,8.669787028380169,42.013689666666664,6.081976406183954,41.14152983333333,4.720270176992485,41.577108083333336,5.998484659085694,106,False,False,False,False,False,False,False,False,True,False,True,False,True,False,True,False
2025-01-05 16:00:00,1/5/2025 11:00:00 AM,51288,WESTERN HUB,,,HUB,,33.39,34.672185,0.546874,0.735311,True,1,31.754374,16,6,1,5,0,0,0,0,0,0,0,0,0,0,0,0,0,0,0,0,1,0,0,0,0,0,0,0,0,0,0,0,0,0,1,-2.9178110000000004,34.672185,-0.08415422910324229,37.331039,33.363433,32.902603,24.181666,,,,37.99787766666667,5.538037942309723,41.46172833333333,6.636172197508253,40.305749,4.899928929902577,41.44097095833333,6.118401698267088,107,False,False,False,False,False,False,False,False,True,False,True,False,True,False,True,False
2025-01-05 17:00:00,1/5/2025 12:00:00 PM,51288,WESTERN HUB,,,HUB,,32.98,34.528956,0.599166,0.94979,True,1,38.933243,17,6,1,5,0,0,0,0,0,0,0,0,0,0,0,0,0,0,0,0,0,1,0,0,0,0,0,0,0,0,0,0,0,0,1,4.4042869999999965,34.528956,0.1275534365997048,36.406143,32.921452,30.408957,23.683436,,,,34.75777566666667,0.08395719143688837,40.700513666666666,7.181597321920797,39.575367166666666,5.041956842836366,41.330185375,6.219295587148383,108,False,False,False,False,False,False,False,False,True,False,True,False,True,False,True,False
2025-01-05 18:00:00,1/5/2025 1:00:00 PM,51288,WESTERN HUB,,,HUB,,32.36,34.109373,0.743749,1.005624,True,1,36.080415,18,6,1,5,0,0,0,0,0,0,0,0,0,0,0,0,0,0,0,0,0,0,1,0,0,0,0,0,0,0,0,0,0,0,1,1.9710420000000042,34.109373,0.0577859346754924,34.635415,33.163325,30.207394,23.359374,,,,34.654095000000005,0.11714628850557827,39.223883,7.425033803699788,39.101322333333336,5.2396385510324475,41.251969249999995,6.2952548251595095,109,False,False,False,False,False,False,False,False,True,False,True,False,True,False,True,False
2025-01-05 19:00:00,1/5/2025 2:00:00 PM,51288,WESTERN HUB,,,HUB,,32.21,34.324581,0.896458,1.218123,True,1,41.068192,19,6,1,5,0,0,0,0,0,0,0,0,0,0,0,0,0,0,0,0,0,0,0,1,0,0,0,0,0,0,0,0,0,0,1,6.743611000000001,34.324581,0.19646593792361228,33.623019,32.025618,30.08229,23.484895,,,,34.436838,0.2924955235189442,36.21735783333333,4.013286459370724,38.74929133333333,5.434194821050952,41.23005083333333,6.320160039438135,110,False,False,False,False,False,False,False,False,True,False,True,False,True,False,True,False
2025-01-05 20:00:00,1/5/2025 3:00:00 PM,51288,WESTERN HUB,,,HUB,,32.15,34.010519,0.86,1.000519,True,1,41.505996,20,6,1,5,0,0,0,0,0,0,0,0,0,0,0,0,0,0,0,0,0,0,0,0,1,0,0,0,0,0,0,0,0,0,1,7.495477000000001,34.010519,0.22038702202692056,34.70354,30.72177,30.108957,24.287082,,,,34.320969999999996,0.20981480634744248,34.53937283333333,0.27869011879225863,38.53461266666667,5.563215451603985,41.25928258333333,6.284971030597278,111,False,False,False,False,False,False,False,False,True,False,True,False,True,False,True,False
2025-01-05 21:00:00,1/5/2025 4:00:00 PM,51288,WESTERN HUB,,,HUB,,35.9,38.049372,0.899479,1.249893,True,1,41.73761,21,6,1,5,0,0,0,0,0,0,0,0,0,0,0,0,0,0,0,0,0,0,0,0,0,1,0,0,0,0,0,0,0,0,1,3.6882379999999984,38.049372,0.09693295332180511,42.699684,33.466353,37.735103,27.556457,,,,34.14815766666667,0.16058307114057138,34.40112633333333,0.3042956553047508,38.207408,5.714960635894906,41.230406708333334,6.317906232549578,112,False,False,False,False,False,False,False,False,True,False,True,False,True,False,True,False
2025-01-05 22:00:00,1/5/2025 5:00:00 PM,51288,WESTERN HUB,,,HUB,,43.31,46.391973,1.323434,1.758539,True,1,59.027549,22,6,1,5,0,0,0,0,0,0,0,0,0,0,0,0,0,0,0,0,0,0,0,0,0,0,1,0,0,0,0,0,0,0,1,12.635576,46.391973,0.2723655663448502,55.772181,42.367394,53.155935,33.845207,,,,35.46149066666667,2.2466655473216295,34.949164333333336,1.538894996844334,38.205446333333335,5.7150150385052925,41.03664370833334,6.342149369607177,113,False,False,False,False,False,False,False,False,True,False,True,False,True,False,True,False
2025-01-05 23:00:00,1/5/2025 6:00:00 PM,51288,WESTERN HUB,,,HUB,,40.89,43.614994,1.128122,1.596872,True,1,46.346551,23,6,1,5,0,0,0,0,0,0,0,0,0,0,0,0,0,0,0,0,0,0,0,0,0,0,0,1,0,0,0,0,0,0,1,2.731556999999995,43.614994,0.0626288519035448,50.178326,40.614894,44.84406,33.623957,,,,39.48395466666667,6.314160384338859,36.90246233333333,4.895097613461577,38.801488,6.186217712784035,40.64580170833333,5.645325352430782,114,False,False,False,False,False,False,False,False,True,False,True,False,True,False,True,False
2025-01-06 00:00:00,1/5/2025 7:00:00 PM,51288,WESTERN HUB,,,HUB,,38.91,41.857391,1.410935,1.536456,True,1,40.860345,0,0,1,6,1,0,0,0,0,0,0,0,0,0,0,0,0,0,0,0,0,0,0,0,0,0,0,0,1,0,0,0,0,0,0,-0.9970459999999974,41.857391,-0.023820070390913696,47.24218,38.11354,39.93156,33.296561,,,,42.68544633333334,4.248269295813818,38.416802,5.393980061735018,38.8203425,6.201795038418544,40.372329541666666,5.312639794872441,115,False,False,False,False,False,False,False,False,True,False,True,False,True,False,True,False
2025-01-06 01:00:00,1/5/2025 8:00:00 PM,51288,WESTERN HUB,,,HUB,,37.86,40.68437,1.561039,1.263331,True,1,36.720753,1,0,1,6,0,1,0,0,0,0,0,0,0,0,0,0,0,0,0,0,0,0,0,0,0,0,0,0,1,0,0,0,0,0,0,-3.9636169999999993,40.68437,-0.09742358060355855,47.62249,37.479686,39.270206,32.875519,,,,43.954786000000006,2.286307597662476,39.70813833333333,5.074515059670896,37.96274808333333,4.727506569165341,40.14796333333333,5.120112320846741,116,False,False,False,False,False,False,False,False,True,False,True,False,True,False,True,False
2025-01-06 02:00:00,1/5/2025 9:00:00 PM,51288,WESTERN HUB,,,HUB,,34.78,37.399893,1.516666,1.103227,True,1,33.27104,2,0,1,6,0,0,1,0,0,0,0,0,0,0,0,0,0,0,0,0,0,0,0,0,0,0,0,0,1,0,0,0,0,0,0,-4.128852999999999,37.399893,-0.11039745488041904,45.909784,36.215103,37.876352,30.531561,,,,42.05225166666667,1.4749973786093296,40.76810316666667,4.335497698590759,37.653738,4.377237475437827,39.858875000000005,4.869475053262966,117,False,False,False,False,False,False,False,False,True,False,True,False,True,False,True,False
2025-01-06 03:00:00,1/5/2025 10:00:00 PM,51288,WESTERN HUB,,,HUB,,33.44,36.202185,1.715208,1.046977,True,1,31.899677,3,0,1,6,0,0,0,1,0,0,0,0,0,0,0,0,0,0,0,0,0,0,0,0,0,0,0,0,1,0,0,0,0,0,0,-4.3025079999999996,36.202185,-0.1188466386766434,44.790514,34.589999,35.072498,29.859999,,,,39.98055133333334,2.3105935691207766,41.332998833333335,3.398468912447742,37.867062583333336,4.28913535514522,39.50429620833333,4.717160041215412,118,False,False,False,False,False,False,False,False,True,False,True,False,True,False,True,False
2025-01-06 04:00:00,1/5/2025 11:00:00 PM,51288,WESTERN HUB,,,HUB,,31.11,33.766769,1.68875,0.968019,True,1,30.815884,4,0,1,6,0,0,0,0,1,0,0,0,0,0,0,0,0,0,0,0,0,0,0,0,0,0,0,0,1,0,0,0,0,0,0,-2.950884999999996,33.766769,-0.08739020899512169,43.436767,33.010832,32.513436,27.786353,,,,38.09548266666667,2.3206420085476758,41.025134333333334,3.813720410673684,37.98714933333333,4.213781935864609,39.14644916666667,4.62353763211237,119,False,False,False,False,False,False,False,False,True,False,True,False,True,False,True,False
2025-01-06 05:00:00,1/6/2025 12:00:00 AM,51288,WESTERN HUB,,,HUB,,32.26,35.608955,2.869998,0.478957,True,1,30.446874,5,0,1,6,0,0,0,0,0,1,0,0,0,0,0,0,0,0,0,0,0,0,0,0,0,0,0,0,1,0,0,0,0,0,0,-5.162081000000001,35.608955,-0.1449658098644007,40.217494,35.75604,30.030728,25.748331,21.768124,,,35.78961566666667,1.8513664118561384,38.92093366666666,3.742653182394807,37.911698,4.2860221759013655,38.743532583333334,4.654643471367299,120,False,False,False,False,False,False,False,False,False,False,True,False,True,False,True,False
2025-01-06 06:00:00,1/6/2025 1:00:00 AM,51288,WESTERN HUB,,,HUB,,32.08,35.152914,2.589061,0.483853,True,1,29.381301,6,0,1,6,0,0,0,0,0,0,1,0,0,0,0,0,0,0,0,0,0,0,0,0,0,0,0,0,1,0,0,0,0,0,0,-5.771613000000002,35.152914,-0.1641859050433202,38.333745,35.816144,29.898541,24.316457,21.464478,,,35.19263633333333,1.2699620850344482,37.58659383333333,3.107715809047272,38.001697916666664,4.219352913346118,38.551510125,4.686146585264495,121,False,False,False,False,False,False,False,False,False,False,True,False,True,False,True,False
2025-01-06 07:00:00,1/6/2025 2:00:00 AM,51288,WESTERN HUB,,,HUB,,31.03,34.050831,2.639687,0.381144,True,1,28.56663,7,0,1,6,0,0,0,0,0,0,0,1,0,0,0,0,0,0,0,0,0,0,0,0,0,0,0,0,1,0,0,0,0,0,0,-5.484201000000002,34.050831,-0.1610592411092699,36.900725,35.522081,29.186041,24.023748,21.044166,,,34.842879333333336,0.9594287026923991,36.469181,2.386667475824361,38.088659666666665,4.141880967917661,38.4189755,4.737274806188016,122,False,False,False,False,False,False,False,False,False,False,True,False,True,False,True,False
2025-01-06 08:00:00,1/6/2025 3:00:00 AM,51288,WESTERN HUB,,,HUB,,31.51,34.591768,2.572707,0.509061,True,1,29.596821,8,0,1,6,0,0,0,0,0,0,0,0,1,0,0,0,0,0,0,0,0,0,0,0,0,0,0,0,1,0,0,0,0,0,0,-4.994947000000003,34.591768,-0.14439698485489388,37.936975,36.245623,29.272707,23.941353,21.104062,,,34.937566666666676,0.8010733145749006,35.36359116666667,1.358494264996964,38.065847166666664,4.165185630339017,38.300229916666666,4.8121131533805075,123,False,False,False,False,False,False,False,False,False,False,True,False,True,False,True,False
2025-01-06 09:00:00,1/6/2025 4:00:00 AM,51288,WESTERN HUB,,,HUB,,32.17,35.280309,2.65854,0.451769,True,1,29.088783,9,0,1,6,0,0,0,0,0,0,0,0,0,1,0,0,0,0,0,0,0,0,0,0,0,0,0,0,1,0,0,0,0,0,0,-6.191526000000003,35.280309,-0.1754952316318999,38.072912,36.853644,29.630207,25.354581,21.111353,,,34.59850433333334,0.5510723803294777,34.89557033333333,0.9340726076393446,38.11428458333334,4.116837599242633,38.160846291666665,4.871177107972515,124,False,False,False,False,False,False,False,False,False,False,True,False,True,False,True,False
2025-01-06 10:00:00,1/6/2025 5:00:00 AM,51288,WESTERN HUB,,,HUB,,37.46,42.54478,4.560199,0.524581,True,1,29.68591,10,0,1,6,0,0,0,0,0,0,0,0,0,0,1,0,0,0,0,0,0,0,0,0,0,0,0,0,1,0,0,0,0,0,0,-12.858870000000003,42.54478,-0.302243189411251,39.239473,36.705414,31.710832,29.19385,21.640936,,,34.64096933333334,0.6162139372993757,34.74192433333334,0.7296022993788964,37.883529333333335,4.197619435114271,38.044487833333335,4.906593821032327,125,False,False,False,False,False,False,False,False,False,False,True,False,True,False,True,False
2025-01-06 11:00:00,1/6/2025 6:00:00 AM,51288,WESTERN HUB,,,HUB,,47.95,58.310697,9.525908,0.834789,True,1,29.036848,11,0,1,6,0,0,0,0,0,0,0,0,0,0,0,1,0,0,0,0,0,0,0,0,0,0,0,0,1,0,0,0,0,0,0,-29.273849,58.310697,-0.502032225750963,43.38874,40.974579,38.938227,38.354161,22.587603,,,37.47228566666667,4.406378473127809,36.20492616666667,3.154456530718978,37.56292991666667,3.5919143346182323,38.182208958333334,4.987317291865037,126,False,False,False,False,False,False,False,False,False,False,True,False,True,False,True,False
2025-01-06 12:00:00,1/6/2025 7:00:00 AM,51288,WESTERN HUB,,,HUB,,54.3,69.472769,14.210273,0.962496,True,1,32.819938,12,0,1,6,0,0,0,0,0,0,0,0,0,0,0,0,1,0,0,0,0,0,0,0,0,0,0,0,1,0,0,0,0,0,0,-36.652831,69.472769,-0.5275855781709233,52.148524,48.066241,44.174372,46.66937,27.183644,,,45.378595333333344,11.773808851226207,39.98854983333334,9.509658818481018,38.78757183333334,6.860729618278683,38.80395716666667,6.395844581785049,127,False,False,False,False,False,False,False,False,False,False,True,False,True,False,True,False
2025-01-06 13:00:00,1/6/2025 8:00:00 AM,51288,WESTERN HUB,,,HUB,,53.74,83.415245,28.607332,1.067913,True,1,39.130458,13,0,1,6,0,0,0,0,0,0,0,0,0,0,0,0,0,1,0,0,0,0,0,0,0,0,0,0,1,0,0,0,0,0,0,-44.284787,83.415245,-0.5308956054735559,44.392491,43.618849,39.281769,38.077913,25.718436,,,56.776082,13.529428306277389,45.708525666666674,14.844494730178459,41.08885333333333,11.226480452203019,39.52580070833333,8.574102064690118,128,False,False,False,False,False,False,False,False,False,False,True,False,True,False,True,False
2025-01-06 14:00:00,1/6/2025 9:00:00 AM,51288,WESTERN HUB,,,HUB,,54.01,87.04847,32.050661,0.987809,True,1,44.367107,14,0,1,6,0,0,0,0,0,0,0,0,0,0,0,0,0,0,1,0,0,0,0,0,0,0,0,0,1,0,0,0,0,0,0,-42.681363,87.04847,-0.4903172106298939,34.839998,37.905102,34.526457,34.586769,23.946457,,,70.39957033333333,12.577909329641352,53.935928,19.907531549570837,44.64975958333334,16.584690864217695,41.15174879166667,12.388634126076768,129,False,False,False,False,False,False,False,False,False,False,True,False,True,False,True,False
2025-01-06 15:00:00,1/6/2025 10:00:00 AM,51288,WESTERN HUB,,,HUB,,56.31,88.829923,31.067426,1.452497,True,1,86.336139,15,0,1,6,0,0,0,0,0,0,0,0,0,0,0,0,0,0,0,1,0,0,0,0,0,0,0,0,1,0,0,0,0,0,0,-2.493783999999991,88.829923,-0.028073693140542193,34.761144,38.028435,33.01677,33.696353,24.056353,,,79.97882800000001,9.278094511200514,62.678711666666665,21.19044773537903,48.787141,20.37209914956062,43.32710179166667,15.440064823239142,130,False,False,False,False,False,False,False,False,False,False,True,False,True,False,True,False
2025-01-06 16:00:00,1/6/2025 11:00:00 AM,51288,WESTERN HUB,,,HUB,,53.84,87.519713,32.25055,1.429163,True,1,102.851066,16,0,1,6,0,0,0,0,0,0,0,0,0,0,0,0,0,0,0,0,1,0,0,0,0,0,0,0,1,0,0,0,0,0,0,15.331353000000007,87.519713,0.1751759972064809,34.672185,37.331039,33.363433,32.902603,24.181666,,,86.43121266666667,2.759608563290976,71.60364733333334,18.44159375824211,53.172785833333336,22.921770847984615,45.579967583333335,17.886623909912057,131,False,False,False,False,False,False,False,False,False,False,True,False,True,False,True,False
2025-01-06 17:00:00,1/6/2025 12:00:00 PM,51288,WESTERN HUB,,,HUB,,52.46,84.760134,30.849408,1.450726,True,1,91.895378,17,0,1,6,0,0,0,0,0,0,0,0,0,0,0,0,0,0,0,0,0,1,0,0,0,0,0,0,1,0,0,0,0,0,0,7.135244,84.760134,0.08418160358264654,34.528956,36.406143,32.921452,30.408957,23.683436,,,87.79936866666667,0.9230650934408722,79.0994695,12.427720447481915,57.65219783333333,24.011019631052093,47.78194791666666,19.651323165966655,132,False,False,False,False,False,False,False,False,False,False,True,False,True,False,True,False
2025-01-06 18:00:00,1/6/2025 1:00:00 PM,51288,WESTERN HUB,,,HUB,,48.52,83.759712,33.852631,1.387081,True,1,44.705756,18,0,1,6,0,0,0,0,0,0,0,0,0,0,0,0,0,0,0,0,0,0,1,0,0,0,0,0,1,0,0,0,0,0,0,-39.05395599999999,83.759712,-0.4662618228677768,34.109373,34.635415,33.163325,30.207394,23.359374,,,87.03659,2.0774627556179266,83.50770899999999,7.148647217375359,61.748129416666664,24.100991083229662,49.874913666666664,20.81870591363029,133,False,False,False,False,False,False,False,False,False,False,True,False,True,False,True,False
2025-01-06 19:00:00,1/6/2025 2:00:00 PM,51288,WESTERN HUB,,,HUB,,47.1,79.969927,31.59045,1.279477,True,1,43.417539,19,0,1,6,0,0,0,0,0,0,0,0,0,0,0,0,0,0,0,0,0,0,0,1,0,0,0,0,1,0,0,0,0,0,0,-36.552388,79.969927,-0.4570766708340249,34.324581,33.623019,32.025618,30.08229,23.484895,,,85.34651966666667,1.9473797761497023,85.88886616666667,2.217218671518125,65.79869591666666,23.296029119779995,51.943677791666666,21.634853434035183,134,False,False,False,False,False,False,False,False,False,False,True,False,True,False,True,False
2025-01-06 20:00:00,1/6/2025 3:00:00 PM,51288,WESTERN HUB,,,HUB,,45.25,69.683695,23.231093,1.202602,True,1,42.879724,20,0,1,6,0,0,0,0,0,0,0,0,0,0,0,0,0,0,0,0,0,0,0,0,1,0,0,0,1,0,0,0,0,0,0,-26.803970999999997,69.683695,-0.3846519763339185,34.010519,34.70354,30.72177,30.108957,24.287082,,,82.82992433333334,2.526835887929542,85.3146465,3.209889811680199,69.62528725,21.29220503784134,53.84556720833333,22.021495411880824,135,False,False,False,False,False,False,False,False,False,False,True,False,True,False,True,False
2025-01-06 21:00:00,1/6/2025 4:00:00 PM,51288,WESTERN HUB,,,HUB,,47.31,57.000388,8.48112,1.209268,True,1,40.423517,21,0,1,6,0,0,0,0,0,0,0,0,0,0,0,0,0,0,0,0,0,0,0,0,0,1,0,0,1,0,0,0,0,0,0,-16.576871000000004,57.000388,-0.2908203186266031,38.049372,42.699684,33.466353,37.735103,27.556457,,,77.80444466666667,7.283580777890662,82.42051733333334,6.965365203372155,72.5496145,18.233270317427657,55.33194954166667,21.827542593041755,136,False,False,False,False,False,False,False,False,False,False,True,False,True,False,True,False
2025-01-06 22:00:00,1/6/2025 5:00:00 PM,51288,WESTERN HUB,,,HUB,,61.04,73.977667,10.564338,2.373329,True,1,49.620659,22,0,1,6,0,0,0,0,0,0,0,0,0,0,0,0,0,0,0,0,0,0,0,0,0,0,1,0,1,0,0,0,0,0,0,-24.357007999999993,73.977667,-0.32924812295040334,46.391973,55.772181,42.367394,53.155935,33.845207,,,68.88467000000001,11.505596950228195,77.11559483333333,11.6518740125286,74.35962108333332,14.986167675158828,56.12157520833333,21.515706246667815,137,False,False,False,False,False,False,False,False,False,False,True,False,True,False,True,False
2025-01-06 23:00:00,1/6/2025 6:00:00 PM,51288,WESTERN HUB,,,HUB,,55.1,71.234435,13.947564,2.186871,True,1,41.672772,23,0,1,6,0,0,0,0,0,0,0,0,0,0,0,0,0,0,0,0,0,0,0,0,0,0,0,1,1,0,0,0,0,0,0,-29.561663000000003,71.234435,-0.41499119070713486,43.614994,50.178326,40.614894,44.84406,33.623957,,,66.88725000000001,8.827348358339563,74.85858716666667,10.486822727938993,76.97902833333332,11.184663530256406,57.270979125,21.70930165495002,138,False,False,False,False,False,False,False,False,False,False,True,False,True,False,True,False
2025-01-07 00:00:00,1/6/2025 7:00:00 PM,51288,WESTERN HUB,,,HUB,,53.11,67.458814,12.243818,2.104996,True,1,46.2519,0,1,1,7,1,0,0,0,0,0,0,0,0,0,0,0,0,0,0,0,0,0,0,0,0,0,0,0,0,1,0,0,0,0,0,-21.206914000000005,67.458814,-0.3143683196090581,41.857391,47.24218,38.11354,39.93156,33.296561,,,67.40416333333333,9.113738878271288,72.604304,9.321698861231797,78.0560065,9.754434214392722,58.42178916666666,21.68596454746509,139,False,False,False,False,False,False,False,False,False,False,True,False,True,False,True,False
2025-01-07 01:00:00,1/6/2025 8:00:00 PM,51288,WESTERN HUB,,,HUB,,51.98,63.196216,9.294345,1.921871,True,1,53.126633,1,1,1,7,0,1,0,0,0,0,0,0,0,0,0,0,0,0,0,0,0,0,0,0,0,0,0,0,0,1,0,0,0,0,0,-10.069583000000002,63.196216,-0.15933838507039727,40.68437,47.62249,37.479686,39.270206,32.875519,,,70.89030533333334,3.2730230719495297,69.88748766666667,7.644824943145354,77.88817691666667,9.931260914836804,59.488515125,21.46427078828,140,False,False,False,False,False,False,False,False,False,False,True,False,True,False,True,False
2025-01-07 02:00:00,1/6/2025 9:00:00 PM,51288,WESTERN HUB,,,HUB,,45.82,53.437686,5.997065,1.620621,True,1,42.532713,2,1,1,7,0,0,1,0,0,0,0,0,0,0,0,0,0,0,0,0,0,0,0,0,0,0,0,0,0,1,0,0,0,0,0,-10.904972999999998,53.437686,-0.20406895987225193,37.399893,45.909784,36.215103,37.876352,30.531561,,,67.29648833333334,4.021567280244816,67.09186916666667,6.1390777626321515,76.20325783333334,10.60088839808293,60.42650870833334,21.09551608617695,141,False,False,False,False,False,False,False,False,False,False,True,False,True,False,True,False
2025-01-07 03:00:00,1/6/2025 10:00:00 PM,51288,WESTERN HUB,,,HUB,,42.07,52.45883,8.706437,1.682393,True,1,40.449355,3,1,1,7,0,0,0,1,0,0,0,0,0,0,0,0,0,0,0,0,0,0,0,0,0,0,0,0,0,1,0,0,0,0,0,-12.009475000000002,52.45883,-0.22893143060948942,36.202185,44.790514,34.589999,35.072498,29.859999,,,61.36423866666667,7.187844830718202,64.384201,8.05197782252401,73.40235916666667,11.842448368560062,61.09475008333334,20.582157607239235,142,False,False,False,False,False,False,False,False,False,False,True,False,True,False,True,False
2025-01-07 04:00:00,1/6/2025 11:00:00 PM,51288,WESTERN HUB,,,HUB,,39.48,43.170303,2.004889,1.685414,True,1,40.729234,4,1,1,7,0,0,0,0,1,0,0,0,0,0,0,0,0,0,0,0,0,0,0,0,0,0,0,0,0,1,0,0,0,0,0,-2.441068999999999,43.170303,-0.05654509767976377,33.766769,43.436767,33.010832,32.513436,27.786353,,,56.36424400000001,5.936869614853672,63.627274666666665,9.038007396502882,70.37143474999999,12.18442773405689,61.77211029166667,19.986199135692914,143,False,False,False,False,False,False,False,False,False,False,True,False,True,False,True,False
2025-01-07 05:00:00,1/7/2025 12:00:00 AM,51288,WESTERN HUB,,,HUB,,41.8,44.251138,0.801766,1.649372,True,1,47.737011,5,1,1,7,0,0,0,0,0,1,0,0,0,0,0,0,0,0,0,0,0,0,0,0,0,0,0,0,0,1,0,0,0,0,0,3.485873000000005,44.251138,0.07877476506931878,35.608955,40.217494,35.75604,30.030728,25.748331,21.768124,,49.68893966666667,5.6664810739287645,58.492714,10.598138302315173,66.67565058333334,13.194335373848265,62.163924208333334,19.49955545053214,144,False,False,False,False,False,False,False,False,False,False,False,False,True,False,True,False
2025-01-07 06:00:00,1/7/2025 1:00:00 AM,51288,WESTERN HUB,,,HUB,,41.63,43.820513,0.596453,1.59406,True,1,38.49972,6,1,1,7,0,0,0,0,0,0,1,0,0,0,0,0,0,0,0,0,0,0,0,0,0,0,0,0,0,1,0,0,0,0,0,-5.320792999999995,43.820513,-0.121422426067901,35.152914,38.333745,35.816144,29.898541,24.316457,21.464478,,46.626757,5.07955290181168,53.99549783333334,9.805345387068902,63.299900916666665,13.328224801463433,62.524015166666665,19.062757672447,145,False,False,False,False,False,False,False,False,False,False,False,False,True,False,True,False
2025-01-07 07:00:00,1/7/2025 2:00:00 AM,51288,WESTERN HUB,,,HUB,,41.76,43.80593,0.636662,1.409268,True,1,40.804312,7,1,1,7,0,0,0,0,0,0,0,1,0,0,0,0,0,0,0,0,0,0,0,0,0,0,0,0,0,1,0,0,0,0,0,-3.0016179999999935,43.80593,-0.0685208144194175,34.050831,36.900725,35.522081,29.186041,24.023748,21.044166,,43.74731800000001,0.5441224175912915,50.055781,7.872295886111023,59.971634333333334,12.727821075349706,62.88516512499999,18.598099836330817,146,False,False,False,False,False,False,False,False,False,False,False,False,True,False,True,False
2025-01-07 08:00:00,1/7/2025 3:00:00 AM,51288,WESTERN HUB,,,HUB,,40.97,42.954055,0.606974,1.377081,True,1,41.835128,8,1,1,7,0,0,0,0,0,0,0,0,1,0,0,0,0,0,0,0,0,0,0,0,0,0,0,0,0,1,0,0,0,0,0,-1.1189269999999993,42.954055,-0.026049391611571934,34.591768,37.936975,36.245623,29.272707,23.941353,21.104062,,43.95919366666667,0.2529363285428338,46.82406666666666,4.766360308070433,56.95796791666667,11.81056455561959,63.29162758333333,18.03871152490499,147,False,False,False,False,False,False,False,False,False,False,False,False,True,False,True,False
2025-01-07 09:00:00,1/7/2025 4:00:00 AM,51288,WESTERN HUB,,,HUB,,42.89,45.174783,0.67114,1.613643,True,1,36.895206,9,1,1,7,0,0,0,0,0,0,0,0,0,1,0,0,0,0,0,0,0,0,0,0,0,0,0,0,0,1,0,0,0,0,0,-8.279576999999996,45.174783,-0.18327873318173984,35.280309,38.072912,36.853644,29.630207,25.354581,21.111353,,43.52683266666667,0.4960935975667474,45.07679483333333,3.6471969891488465,54.73049791666666,11.712502109495611,63.64005620833333,17.53395323406296,148,False,False,False,False,False,False,False,False,False,False,False,False,True,False,True,False
2025-01-07 10:00:00,1/7/2025 5:00:00 AM,51288,WESTERN HUB,,,HUB,,51.33,54.905295,1.671653,1.903642,True,1,35.188105,10,1,1,7,0,0,0,0,0,0,0,0,0,0,1,0,0,0,0,0,0,0,0,0,0,0,0,0,0,1,0,0,0,0,0,-19.717190000000002,54.905295,-0.35911272309892883,42.54478,39.239473,36.705414,31.710832,29.19385,21.640936,,43.97825600000001,1.120348338778345,43.862787,0.7978092191517105,53.74503083333334,11.99816389144044,64.05232595833333,16.944565281021678,149,False,False,False,False,False,False,False,False,False,False,False,False,True,False,True,False
2025-01-07 11:00:00,1/7/2025 6:00:00 AM,51288,WESTERN HUB,,,HUB,,70.24,75.987262,3.187372,2.55989,True,1,35.283149,11,1,1,7,0,0,0,0,0,0,0,0,0,0,0,1,0,0,0,0,0,0,0,0,0,0,0,0,0,1,0,0,0,0,0,-40.704113,75.987262,-0.5356702153579372,58.310697,43.38874,40.974579,38.938227,38.354161,22.587603,,47.67804433333334,6.356710813118829,45.818619000000005,4.509728899108709,52.1556665,10.203337258418713,64.56734741666666,16.44285022458401,150,False,False,False,False,False,False,False,False,False,False,False,False,True,False,True,False
2025-01-07 12:00:00,1/7/2025 7:00:00 AM,51288,WESTERN HUB,,,HUB,,98.83,107.103595,2.940271,5.333324,True,1,47.9953,12,1,1,7,0,0,0,0,0,0,0,0,0,0,0,0,1,0,0,0,0,0,0,0,0,0,0,0,0,1,0,0,0,0,0,-59.108295,107.103595,-0.5518796544597779,69.472769,52.148524,48.066241,44.174372,46.66937,27.183644,,58.68911333333333,15.750878591879026,51.107972999999994,12.97316232126518,52.551735416666666,11.066953645291855,65.30387095833332,16.545980740220646,151,False,False,False,False,False,False,False,False,False,False,False,False,True,False,True,False
2025-01-07 13:00:00,1/7/2025 8:00:00 AM,51288,WESTERN HUB,,,HUB,,66.69,71.960602,1.198005,4.072597,True,1,47.078157,13,1,1,7,0,0,0,0,0,0,0,0,0,0,0,0,0,1,0,0,0,0,0,0,0,0,0,0,0,1,0,0,0,0,0,-24.882444999999997,71.960602,-0.3457787220846207,83.415245,44.392491,43.618849,39.281769,38.077913,25.718436,,79.33205066666666,26.259404775070525,61.65515333333334,25.520420196703796,55.85546716666667,18.99751362500792,66.87182204166666,18.61221190248203,152,False,False,False,False,False,False,False,False,False,False,False,False,True,False,True,False
2025-01-07 14:00:00,1/7/2025 9:00:00 AM,51288,WESTERN HUB,,,HUB,,53.41,58.717592,1.95041,3.357182,True,1,44.41702,14,1,1,7,0,0,0,0,0,0,0,0,0,0,0,0,0,0,1,0,0,0,0,0,0,0,0,0,0,1,0,0,0,0,0,-14.300572000000003,58.717592,-0.2435483389713938,87.04847,34.839998,37.905102,34.526457,34.586769,23.946457,,85.01715300000001,19.233088359736286,66.34759866666667,24.132768073562527,56.58583266666667,19.468035182782565,66.39454525000001,18.314019026527017,153,False,False,False,False,False,False,False,False,False,False,False,False,True,False,True,False
2025-01-07 15:00:00,1/7/2025 10:00:00 AM,51288,WESTERN HUB,,,HUB,,60.74,64.863946,-0.169485,4.293431,True,1,65.314726,15,1,1,7,0,0,0,0,0,0,0,0,0,0,0,0,0,0,0,1,0,0,0,0,0,0,0,0,0,1,0,0,0,0,0,0.45077999999999463,64.863946,0.0069496234472074,88.829923,34.761144,38.028435,33.01677,33.696353,24.056353,,79.26059633333334,25.005374612851273,68.97485483333334,21.824283452701042,57.02582483333333,19.450073114605114,65.21409200000001,17.831559057158504,154,False,False,False,False,False,False,False,False,False,False,False,False,True,False,True,False
2025-01-07 16:00:00,1/7/2025 11:00:00 AM,51288,WESTERN HUB,,,HUB,,52.98,56.425509,-0.248028,3.693537,True,1,56.059206,16,1,1,7,0,0,0,0,0,0,0,0,0,0,0,0,0,0,0,0,1,0,0,0,0,0,0,0,0,1,0,0,0,0,0,-0.36630299999999494,56.425509,-0.006491797885243622,87.519713,34.672185,37.331039,33.363433,32.902603,24.181666,,65.18071333333334,6.627185271487962,72.25638200000002,18.800757272035217,58.05958449999999,19.514827879502917,64.215509625,17.10792670280209,155,False,False,False,False,False,False,False,False,False,False,False,False,True,False,True,False
2025-01-07 17:00:00,1/7/2025 12:00:00 PM,51288,WESTERN HUB,,,HUB,,51.67,55.380196,0.207181,3.503015,True,1,49.299233,17,1,1,7,0,0,0,0,0,0,0,0,0,0,0,0,0,0,0,0,0,1,0,0,0,0,0,0,0,1,0,0,0,0,0,-6.080962999999997,55.380196,-0.1098039270211322,84.760134,34.528956,36.406143,32.921452,30.408957,23.683436,,60.002349,4.363456790496623,72.50975100000001,18.52842958682424,59.164184999999996,18.962765838757722,62.919917791666656,16.43032642455654,156,False,False,False,False,False,False,False,False,False,False,False,False,True,False,True,False
2025-01-07 18:00:00,1/7/2025 1:00:00 PM,51288,WESTERN HUB,,,HUB,,48.9,52.475094,0.269369,3.305725,True,1,43.950352,18,1,1,7,0,0,0,0,0,0,0,0,0,0,0,0,0,0,0,0,0,0,1,0,0,0,0,0,0,1,0,0,0,0,0,-8.524741999999996,52.475094,-0.16245310584865263,83.759712,34.109373,34.635415,33.163325,30.207394,23.359374,,58.88988366666667,5.2000226334996364,69.07524,19.631947899572765,60.091606500000005,18.43181450416419,61.695753708333335,15.815328150110917,157,False,False,False,False,False,False,False,False,False,False,False,False,True,False,True,False
2025-01-07 19:00:00,1/7/2025 2:00:00 PM,51288,WESTERN HUB,,,HUB,,46.55,50.620928,1.006141,3.064787,True,1,42.173487,19,1,1,7,0,0,0,0,0,0,0,0,0,0,0,0,0,0,0,0,0,0,0,1,0,0,0,0,0,1,0,0,0,0,0,-8.447440999999998,50.620928,-0.16687645473429483,79.969927,34.324581,33.623019,32.025618,30.08229,23.484895,,54.760266333333334,2.0468706021067145,59.970489833333325,7.198570709362901,60.812821583333324,17.898884195021964,60.39222795833333,15.194804472781579,158,False,False,False,False,False,False,False,False,False,False,False,False,True,False,True,False
2025-01-07 20:00:00,1/7/2025 3:00:00 PM,51288,WESTERN HUB,,,HUB,,47.77,49.679261,-1.08313,2.992391,True,1,44.145533,20,1,1,7,0,0,0,0,0,0,0,0,0,0,0,0,0,0,0,0,0,0,0,0,1,0,0,0,0,1,0,0,0,0,0,-5.533727999999996,49.679261,-0.11138909654875899,69.683695,34.010519,34.70354,30.72177,30.108957,24.287082,,52.82540600000001,2.3988949220352427,56.41387749999999,5.03689726432553,61.380738083333334,17.41170085517194,59.169353,14.724410013130443,159,False,False,False,False,False,False,False,False,False,False,False,False,True,False,True,False
2025-01-07 21:00:00,1/7/2025 4:00:00 PM,51288,WESTERN HUB,,,HUB,,55.1,57.708111,-0.906883,3.514994,True,1,54.239181,21,1,1,7,0,0,0,0,0,0,0,0,0,0,0,0,0,0,0,0,0,0,0,0,0,1,0,0,0,1,0,0,0,0,0,-3.4689300000000003,57.708111,-0.060111653975296477,57.000388,38.049372,42.699684,33.466353,37.735103,27.556457,,50.925094333333334,1.4225183337043166,54.907489,5.536865381853139,61.94117191666667,16.864307324452987,58.33583491666666,14.669439034337756,160,False,False,False,False,False,False,False,False,False,False,False,False,True,False,True,False
2025-01-07 22:00:00,1/7/2025 5:00:00 PM,51288,WESTERN HUB,,,HUB,,76.47,82.75153,1.676329,4.605201,True,1,65.278422,22,1,1,7,0,0,0,0,0,0,0,0,0,0,0,0,0,0,0,0,0,0,0,0,0,0,1,0,0,1,0,0,0,0,0,-17.473107999999996,82.75153,-0.21115147961614722,73.977667,46.391973,55.772181,42.367394,53.155935,33.845207,,52.66943333333334,4.388950746607762,53.714849833333325,3.269939136639989,62.98561591666667,16.10242817674415,58.365323375,14.667348987784464,161,False,False,False,False,False,False,False,False,False,False,False,False,True,False,True,False
2025-01-07 23:00:00,1/7/2025 6:00:00 PM,51288,WESTERN HUB,,,HUB,,73.85,80.748925,2.760808,4.138117,True,1,58.39509,23,1,1,7,0,0,0,0,0,0,0,0,0,0,0,0,0,0,0,0,0,0,0,0,0,0,0,1,0,1,0,0,0,0,0,-22.353834999999997,80.748925,-0.27683136338966735,71.234435,43.614994,50.178326,40.614894,44.84406,33.623957,,63.37963400000001,17.25017026167391,58.10252,12.4397245533924,65.3061355,16.822474590567126,58.73090100000001,15.173991160036802,162,False,False,False,False,False,False,False,False,False,False,False,False,True,False,True,False
2025-01-08 00:00:00,1/7/2025 7:00:00 PM,51288,WESTERN HUB,,,HUB,,67.4,75.000383,4.066848,3.533535,True,1,58.606341,0,2,1,8,1,0,0,0,0,0,0,0,0,0,0,0,0,0,0,0,0,0,0,0,0,0,0,0,0,0,1,0,0,0,0,-16.394042,75.000383,-0.21858611042026277,67.458814,41.857391,47.24218,38.11354,39.93156,33.296561,,73.73618866666668,13.916790648818125,62.33064149999999,15.309606642705385,65.70294075,17.150287557112748,59.127338083333335,15.632231612618375,163,False,False,False,False,False,False,False,False,False,False,False,False,True,False,True,False
2025-01-08 01:00:00,1/7/2025 8:00:00 PM,51288,WESTERN HUB,,,HUB,,65.19,72.424238,3.901328,3.33291,True,1,51.955587,1,2,1,8,0,1,0,0,0,0,0,0,0,0,0,0,0,0,0,0,0,0,0,0,0,0,0,0,0,0,1,0,0,0,0,-20.468651,72.424238,-0.28262155826893204,63.196216,40.68437,47.62249,37.479686,39.270206,32.875519,,79.50027933333334,4.023606212661377,66.08485633333333,15.170669311767297,63.027673083333326,11.76280567649383,59.441570125,15.880810899149875,164,False,False,False,False,False,False,False,False,False,False,False,False,True,False,True,False
2025-01-08 02:00:00,1/7/2025 9:00:00 PM,51288,WESTERN HUB,,,HUB,,59.27,63.267166,1.230817,2.766349,True,1,54.649098,2,2,1,8,0,0,1,0,0,0,0,0,0,0,0,0,0,0,0,0,0,0,0,0,0,0,0,0,0,0,1,0,0,0,0,-8.618068000000001,63.267166,-0.13621707032048821,53.437686,37.399893,45.909784,36.215103,37.876352,30.531561,,76.05784866666667,4.261898478275542,69.71874133333333,13.21037468123323,63.06630941666666,11.795530244431884,59.826071041666665,16.086056178002632,165,False,False,False,False,False,False,False,False,False,False,False,False,True,False,True,False
2025-01-08 03:00:00,1/7/2025 10:00:00 PM,51288,WESTERN HUB,,,HUB,,55.57,58.672691,0.644571,2.45812,True,1,52.108091,3,2,1,8,0,0,0,1,0,0,0,0,0,0,0,0,0,0,0,0,0,0,0,0,0,0,0,0,0,0,1,0,0,0,0,-6.564599999999999,58.672691,-0.11188510170770928,52.45883,36.202185,44.790514,34.589999,35.072498,29.859999,,70.23059566666667,6.166534302768267,71.98339216666668,9.816722344682637,63.44544058333333,11.71589435580017,60.23563270833333,16.0414023703653,166,False,False,False,False,False,False,False,False,False,False,False,False,True,False,True,False
2025-01-08 04:00:00,1/7/2025 11:00:00 PM,51288,WESTERN HUB,,,HUB,,51.91,54.17707,0.72322,1.54385,True,1,61.25103,4,2,1,8,0,0,0,0,1,0,0,0,0,0,0,0,0,0,0,0,0,0,0,0,0,0,0,0,0,0,1,0,0,0,0,7.07396,54.17707,0.13057110692770946,43.170303,33.766769,43.436767,33.010832,32.513436,27.786353,,64.78803166666667,7.000788206004952,72.1441555,9.540191109488358,62.92950266666666,11.78387443570398,60.49454358333333,15.960367845294826,167,False,False,False,False,False,False,False,False,False,False,False,False,True,False,True,False
